idx,actual,predicted,edesc
10,D343H,D343X,DUCTILE IRON 3 ENCENTRIC FLANGE VALVE /DN150
27,D81XE,D81X4,"2 300PSI AWWA DI GRVD BFV DI EPDM DISC,LEVER OP"
28,D81XE,D81X4,"2 1/2 300PSI AWWA DI GRVD BFV DI EPDM DISC,LEVER OP"
29,D81XE,D81X4,"4 300PSI AWWA DI GRVD BFV DI EPDM DISC,LEVER OP"
38,D81XE,D81X4,"3 300PSI AWWA DI GRVD BFV DI EPDM DISC,LEVER OP"
39,D81XE,D81X4,"6 300PSI AWWA DI GRVD BFV DI EPDM DISC,LEVER OP"
41,D81X4,XD381XS4,"6"" Grooved Butterfly Valve, DI Body,EPDM Seat,Gear Operated without Tamper Switch"
43,D81XE,D81X4,"8 300PSI AWWA DI GRVD BFV  DI EPDM DISC,LEVER OP"
44,D81XE,D81X4,"10 300PSI AWWA DI GRVD BFV  DI EPDM DISC,LEVER OP"
45,D81XE,D81X4,"12 300PSI AWWA DI GRVD BFV  DI EPDM DISC,LEVER OP"
54,D81XE,XD381XE,"10'' Grooved Butterfly Valve, DI Body,NBR Seat,Gear Operated without Tamper Switch"
57,D81XE,D81X4,"DI GRVD BV,DI+EPDM DISC,GEAR, 6""/168MM"
58,D81XE,D81X4,"DI GRVD BV,DI+EPDM DISC,GEAR, 10""/273MM"
59,D81XE,D81X4,"DI GRVD BV,DI+EPDM DISC,GEAR, 12""/324MM"
60,D81XE,XD381XE,"6'' Grooved Butterfly Valve, DI Body,NBR Seat,Gear Operated without Tamper Switch"
61,D81XE,XD381XE,"8'' Grooved Butterfly Valve, DI Body,NBR Seat,Gear Operated without Tamper Switch"
62,D81XE,XD381XE,"12'' Grooved Butterfly Valve, DI Body,NBR Seat,Gear Operated without Tamper Switch"
63,D81XE,D81X4,"DI GRVD BV,DI+EPDM DISC,GEAR, 8""/219MM"
68,D81X4,XD381X,"DI GRVD FIRE RISER BV,DI+EPDM DISC, 3""/89MM"
75,XD381XE,D81XE,"DI GROOVED BUTTERFLY VALVE, NEW TURBINE, 2.5""/76.1MM"
76,XD381XE,D81XE,"DI GROOVED BUTTERFLY VALVE, NEW TURBINE, 3""/88.9MM"
77,XD381XE,D81XE,"DI GROOVED BUTTERFLY VALVE, NEW TURBINE, 4""/114.3MM"
78,XD381XE,D81XE,"DI GROOVED BUTTERFLY VALVE, NEW TURBINE, 5""/139.7MM"
79,XD381XE,D81XE,"DI GROOVED BUTTERFLY VALVE, NEW TURBINE, 6""/165.2MM"
90,XD371XLV4,D71XLV4,"DI LUGGED BUTTERFLY VALVE,JSI 10K, NEW TURBINE, 21/2""/DN65"
91,XD371XLV4,D71XLV4,"DI LUGGED BUTTERFLY VALVE,JSI 10K, NEW TURBINE, 3""/DN80"
92,XD371XLV4,D71XLV4,"DI LUGGED BUTTERFLY VALVE,JIS 10K, NEW TURBINE, 4""/DN100"
93,XD371XLV4,D71XLV4,"DI LUGGED BUTTERFLY VALVE,JIS 10K, NEW TURBINE, 6""/DN150"
96,D81XE,D81X4,"DI GRVD BV,DI+EPDM DISC,LEVER, 2""/60MM"
97,D81XE,D81X4,"DI GRVD BV,DI+EPDM DISC,LEVER, 4""/114MM"
98,D81XE,D81X4,"DI GRVD BV,DI+EPDM DISC,LEVER, 5""/140MM"
106,D371XLV4,D71XLV4,"DI LUG WAFER BV,304 DISC,EPDM SEAT,T/E,GEAR, 2 1/2""/DN65"
113,XD381X,D81X,"Grvd B/fly Valve Fig 216 21/2"" 76.1od with 1m flying lead"
114,XD381X,D81X,"Grvd B/fly Valve Fig 216 4"" 114.3od with 1m flying lead"
115,XD381X,D81X,"Grvd B/fly Valve Fig 216 8"" 219od with 1m flying lead"
116,XD381X,D81X,"Grvd B/fly Valve Fig 216 10"" 273od with 1m flying lead"
117,XD381X,D81X,"Grvd B/fly Valve Fig 216 12"" 324od with 1m flying lead"
118,D381XE,XD381X,"Grv BFV BVG-3 FR 21bar/300psi 6""/DN150 168mm GG w/switches"
119,D381XE,XD381X,"Grv BFV BVG-3 FR 21bar/300psi 8""/DN200 GG w/switches"
120,D81X4,D81X,"Grv BFV BVG-4 21bar/300psi 4""/DN100 GG w/switches"
121,XD371X4,XD371X,"Waf BFV BVW-3 FR FR 21bar/300psi 8""/DN200 FF ANSI/PN w/switches"
122,D81XE,D81X4,"Grooved Butterfly Valve BVG-6 Lever 21bar/300psi 21/5""/DN65 76mm GG"
125,D381XE,XD381X,"Grv BFV BVG-3 FR 21bar/300psi 4""/DN100 GG w/switches"
126,XD371X4,XD371X,"Waf BFV BVW-3 FR FR 21bar/300psi 6""/DN150 FF ANSI/PN w/switches"
133,XD371X4,XD371X,"Waf BFV BVW-3 FR FR 17bar/250psi 10""/DN250 FF ANSI/PN w/switches"
150,XD381X4,XD381X,"DI GRVD FIRE RISER BV,DI+EPDM DISC, 4""/114MM"
151,XD381X4,XD381X,"DI GRVD FIRE RISER BV,DI+EPDM DISC, 8""/219MM"
152,D71X4,D71XK,"DI WAFER BV,304 DISC,EPDM SEAT,LEVER, 2""/DN50"
153,D71X4,D71XK,"DI WAFER BV,304 DISC,EPDM SEAT,LEVER, 3""/DN80"
154,D71X4,D71XK,"DI WAFER BV,304 DISC,EPDM SEAT,LEVER, 4""/DN100"
155,D71X4,D71XK,"DI WAFER BV,304 DISC,EPDM SEAT,LEVER, 6""/DN150"
166,XD381X4,XD381X,"DI GRVD FIRE RISER BV,DI+EPDM DISC, 3""/89MM"
167,XD381X4,XD381X,"DI GRVD FIRE RISER BV,DI+EPDM DISC, 5""/140MM"
168,XD381X4,XD381X,"DI GRVD FIRE RISER BV,DI+EPDM DISC, 6""/168MM"
169,XD381X4,XD381X,"DI GRVD FIRE RISER BV,DI+EPDM DISC, 10""/273MM"
171,D342X4,D342X,"DI DOUBLE ECCENTRIC FLANGED BUTTERFLY VALVE, PN10, 32""/DN800"
173,D81XE,D81X4,"Grooved Butterfly Valve BVG-6 Lever 21bar/300psi 3""/DN80 89mm GG"
174,D71X4,D71XK,"DI WAFER BV,DI DISC,304 B&N,LEVER, 6""/DN150"
178,XD381X76,XD381X,"DI GRVD FIRE RISER BV,DI+EPDM DISC, 3""/89MM"
179,XD381X76,XD381X,"DI GRVD FIRE RISER BV,DI+EPDM DISC, 21/2""/76MM"
180,D71X4,D71XK,"DI WAFER BV,DI DISC,EPDM SEAT,LEVER, 4""/DN100"
181,D71X4,D71XK,"DI WAFER BV,DI DISC,EPDM SEAT,LEVER, 6""/DN150"
182,D71X4,D71XK,"DI WAFER BV,DI DISC,EPDM SEAT,LEVER, 8""/DN200"
183,D71X4,D71XK,"DI WAFER BV,DI DISC,EPDM SEAT,LEVER, 10""/DN250"
184,D71X4,D71XK,"DI WAFER BV,DI DISC,EPDM SEAT,LEVER, 12""/DN300"
192,D381X,XD381X,"DI GRVD BV,DI+EPDM DISC,GEAR UL/FM,8""/219MM"
193,D381X,XD381X,"DI GRVD BV,DI+EPDM DISC,GEAR UL/FM,4""/114MM"
194,D381X,XD381X,"DI GRVD BV,DI+EPDM DISC,GEAR UL/FM,6""/168MM"
195,D381X,XD381X,"DI GRVD FIRE RISER BV,DI+EPDM DISC, 3""/89MM"
196,D381X,XD381X,"DI GRVD FIRE RISER BV,DI+EPDM DISC, 10""/273MM"
202,D71XV4,D71X4,"2"" DI BFV WAFER/LEVER/SS316 DISC/BUNA-N SEAT"
203,D71XV4,D71X4,8 DI BFV WAFER/LEVER/SS316 DISC/BUNA-N SEAT
210,D81X4,XD381X,"DI GRVD FIRE RISER BV,DI+EPDM DISC, 2""/60MM"
211,XD311X,XD371X4,"DI WAFER FIRE RISER BV,DI DISC,EPDM SEAT, 2""/DN50"
213,D71XK,D71X4,"DI WAFER BV,DI DISC,EPDM SEAT,GEAR, 2""/DN50"
215,D71X4,XD371X4,"DI WAFER FIRE RISER BV,DI DISC,EPDM SEAT, 2""/DN50"
216,D71X4,D71XK,"DI WAFER BV WITH DOUBLE LIMIT SWITCH,DI DISC,EPDM SEAT,LEVER, 2""/DN50"
217,D71X4,D71XK,"DI WAFER BV,DI DISC,EPDM SEAT,LEVER, 2""/DN50"
220,XD381X76,XD381X,"DI GRVD FIRE RISER BV,DI+EPDM DISC, 4""/114MM"
221,XD381X76,XD381X,"DI GRVD FIRE RISER BV,DI+EPDM DISC, 6""/168MM"
222,D71X4,D71XK,"DI WAFER BV,DI DISC,EPDM SEAT,LEVER, 3""/DN80"
232,XD381X,D81X,"GD48638N 10"" GROOVE BUTTERFLY VALVE"
233,XD381X,D81X,"GD48638N 2"" GROOVE BUTTERFLY VALVE"
234,XD381X,D81X,"GD48638N 2 1/2"" GROOVE BUTTERFLY VALVE"
235,XD381X,D81X,"GD48638N 4"" GROOVE BUTTERFLY VALVE"
236,XD381X,D81X,"GD48638N 6"" GROOVE BUTTERFLY VALVE"
237,XD381X,D81X,"GD48638N 8"" GROOVE BUTTERFLY VALVE"
238,D71X4,D71F4,"DI WAFER BV,SS304 DISC, PTFE SEAT ,LEVER, 2 1/2""/DN65"
239,XD371XG,XD371X,"DI WAFER FIRE RISER BV,DI+EPDM DISC, 6""/DN150"
244,D71X4,D71XK,"DI WAFER BV,DI DISC,EPDM SEAT,LEVER, 8""/DN200"
245,D71X4,D71XK,"DI WAFER BV,DI DISC,EPDM SEAT,LEVER, 3""/DN80"
246,D71X4,D71XK,"DI WAFER BV,DI DISC,EPDM SEAT,LEVER, 21/2""/DN65"
247,D81XE,D81X4,"DI GRVD BV,DI+EPDM DISC,LEVER, 21/2""/76MM"
250,D71X4,D71XK," BV,304 DISC,EPDM SEAT,LEVER, 10""/DN250"
251,D71X4,D71XK,"DI WAFER BV,304 DISC,EPDM SEAT,LEVER, 8""/DN200"
252,XD371X,XD371XL,VLV BUTTERFLY DI 150MM H/WHEEL C/W SWITCH UL /FM APPROVAL
253,XD371X,XD371XL,VLV BUTTERFLY DI 125MM H/WHEEL C/W SWITCH UL XD371X
254,D71X4,D71XK,"DI WAFER BV,DI DISC,EPDM SEAT & O-RING,LEVER, 8""/DN200"
256,D71X4,D71XK,"DI WAFER BV,304 DISC,EPDM SEAT,LEVER, 12""/DN300"
265,D71X4,D71XK,"DI WAFER BV,304 DISC,EPDM SEAT,LEVER, 10""/DN250"
273,XD381X76,XD381X,"DI GRVD FIRE RISER BV,DI+EPDM DISC, 5""/140MM"
274,XD381X76,XD381X,"DI GRVD FIRE RISER BV,DI+EPDM DISC, 8""/219MM"
275,XD381X76,XD381X,"DI GRVD FIRE RISER BV,DI+EPDM DISC, 10""/273MM"
284,D81X4-BL,D81X4,"DI GRVD BV,DI+EPDM DISC,LEVER, 6""/168MM"
285,D81X4-BL,D81X4,"DI GRVD BV,DI+EPDM DISC,LEVER, 3""/89MM"
287,XD381XG,XD381X,"DI GRVD FIRE RISER BV,DI+EPDM DISC,300PSI,8""/219MM,WITH NORMAL CLOSE"
296,D71XV4,D71X4,12 DI BFV WAFER/LEVER/SS316 DISC/BUNA-N SEAT
298,D71XV4,D71X4,2.5 DI BFV WAFER/LEVER/SS316 DISC/BUNA-N SEAT
302,D71XV4,D71X4,4 DI BFV WAFER/LEVER/SS316 DISC/BUNA-N SEAT
303,D81XE,D81X4,"DI GRVD BV,DI+EPDM DISC,LEVER, 21/2""/76MM"
304,D81XE,D81X4,"DI GRVD BV,DI+EPDM DISC,LEVER, 3""/89MM"
305,D81XE,D81X4,"DI GRVD BV,DI+EPDM DISC,LEVER, 4""/114MM"
312,D71X4,D71XK,"DI WAFER BV,DI DISC,EPDM SEAT,LEVER, 6""/DN150"
323,XD381X,D81X,"Grvd B/fly Valve Fig 216 6"" 168.3 od with 1m flying lead"
324,XD371X,D71X,"Wafer Butterfly Valve Fig 215 12"" 300mm 1m flying lead"
326,XD381X,D81X,"DI GRVD BV, RXD381X, ST-300S,2 1/2""/76.1mm"
330,XD381X,D71X,BUTTERFLY VALVE BVG D273 XD381X-300
331,D81X4-BL,D81X4,"DI GRVD BV,DI+EPDM DISC,LEVER, 8""/219MM"
335,XD381X,D81X,"GD48638N 3"" GROOVE BUTTERFLY VALVE"
336,XD371X,D71X,"WD48638N 4"" WAFER BUTTERFLY VALVE"
337,XD371X,D71X,"WD48638N 6"" WAFER BUTTERFLY VALVE"
338,XD371X,D71X,"WD48638N 8"" WAFER BUTTERFLY VALVE"
339,XD371X,D71X,"WD48638N 10"" WAFER BUTTERFLY VALVE"
340,D81X4-BL,D81X4,"DI GRVD BV,DI+EPDM DISC,LEVER, 2""/60MM"
341,D81X4-BL,D81X4,"DI GRVD BV,DI+EPDM DISC,LEVER, 3""/89MM"
345,D81X4-BL,D81X4,"DI GRVD BV,DI+EPDM DISC,LEVER, 21/2""/73MM"
346,D81X4-BL,D81X4,"DI GRVD BV,DI+EPDM DISC,LEVER, 4""/114MM"
352,D81X4-BL,D81X4,"DI GRVD BV,DI+EPDM DISC,LEVER, 4""/114MM"
357,XD371X,D71X,"WD48638N 12"" WAFER BUTTERFLY VALVE"
358,XD371XL,D71XL,"LD48638N 2"" LUG BUTTERFLY VALVE"
359,XD371XL,D71XL,"LD48638N 4"" LUG BUTTERFLY VALVE"
360,XD371XL,D71XL,"LD48638N 6"" LUG BUTTERFLY VALVE"
361,XD371XL,D71XL,"LD48638N 8"" LUG BUTTERFLY VALVE"
362,XD371XL,D71XL,"LD48638N 10"" LUG BUTTERFLY VALVE"
363,XD371XL,D71XL,"LD48638N 12"" LUG BUTTERFLY VALVE"
364,XD371X,D71X,"WD48638N 2"" WAFER BUTTERFLY VALVE"
365,XD371X,D71X,"WD48638N 2 1/2"" WAFER BUTTERFLY VALVE"
366,XD371X,D71X,"WD48638N 3"" WAFER BUTTERFLY VALVE"
367,D71X4,D71X,"Wafer Butterfly Valve Model FBWL Level 21bar/300psi 8""/DN200 FF ANSI/PN"
372,XD381XG,XD381X,"DI GRVD FIRE RISER BV,DI+EPDM DISC, 4""/114MM NORMAL CLOSE"
373,XD381XG,XD381X,"DI GRVD FIRE RISER BV,DI+EPDM DISC, 2""/60MM NORMAL CLOSE"
376,XD381X,D81X,"DI GRVD BV WITH FRAME, RD381X80, ST-300D,8""/219.1mm"
377,XD381X,D81X,"DI GRVD BV WITH FRAME, RD381X80, ST-300D,2 1/2""/76.1mm"
378,XD381X,D81X,"DI GRVD BV WITH FRAME, RD381X80, ST-300D,3""/88.9mm"
379,XD381X,D81X,"DI GRVD BV WITH FRAME, RD381X80, ST-300D,4""/114.3mm"
380,XD381X,D81X,"DI GRVD BV WITH FRAME, RD381X80, ST-300D,6""/168.3mm"
381,XD381X,D81X,"DI GRVD BV WITH FRAME, RD381X80, ST-300D,12""/323.9mm"
382,XD381X4-C,XD381X,"DI GRVD FIRE RISER BV, 2""/60MM"
386,D71X4,XD371X4,"DI WAFER FIRE RISER BV,DI DISC,EPDM SEAT, 3""/DN80"
387,D71X4,XD371X4,"DI WAFER FIRE RISER BV,DI DISC,EPDM SEAT, 6""/DN150"
388,D71X4,D71XK,"DI WAFER BV,DI DISC,EPDM SEAT,LEVER, 2""/DN50"
389,XD371XL,D71XL,"LD48638N 2 1/2"" LUG BUTTERFLY VALVE"
390,D71X4,D71XK,"DI WAFER BV,DI DISC,EPDM SEAT,LEVER, 21/2""/DN65"
391,XD381X,D71X,BUTTERFLY VALVE BVG D324 XD381X-300
396,XD381X,D71X,BUTTERFLY VALVE BVG D89 XD381X-300
397,XD381X,D71X,BUTTERFLY VALVE BVG D168 XD381X-300
398,XD371X,D71X,BUTTERFLY VALVE BVW DN200 XD371X-300
399,XD371X,D71X,BUTTERFLY VALVE BVW DN300 XD371X-300
400,D81XE,D81X4,"DI GRVD BV,DI+EPDM DISC,LEVER, 6""/168MM"
407,XD381X,D71X,BUTTERFLY VALVE BVG D114 XD381X-300
408,XD381X,D71X,BUTTERFLY VALVE BVG D140 XD381X-300
409,XD381X,D71X,BUTTERFLY VALVE BVG D219 XD381X-300
417,D71XLK,D71XL4,"DI LUG WAFER BV,DI DISC,EPDM SEAT,LEVER, 11/2""/DN40"
418,D381X4-BL,D81X4-BL,"DI GRVD BV,DI+NBR DISC,GEAR , 12""/273MM"
419,XD381X,D81X," Grvd B/fly Valve Fig 216 6"" 165.1od with 1m flying lead"
420,D71X4,XD371X4,"DI WAFER FIRE RISER BV,DI DISC,EPDM SEAT, 6""/DN150"
421,D81XE,D81X4,"DI GRVD BV,DI+EPDM DISC,LEVER,  3""/89MM"
429,D71X4,D71X,T-337DI BUTTERFLY VALVE
432,D81XE,D81X4,"DI GRVD BV,DI+EPDM DISC,LEVER, 2""/60MM"
434,D71X4,D71XK,"DI WAFER BV,304 DISC,EPDM SEAT,LEVER, 5""/DN125"
444,D342X71,D342X,"DI DOUBLE ECCENTRIC FLANGED BUTTERFLY VALVE, 12""/DN300"
445,D342X71,D342X,"DI DOUBLE ECCENTRIC FLANGED BUTTERFLY VALVE, 24""/DN600"
447,D71X4,XD371X4,"DI WAFER FIRE RISER BV,DI DISC,EPDM SEAT, 4""/DN100"
448,D71X4,D71XK,"DI WAFER BV WITH DOUBLE LIMIT SWITCH,DI DISC,EPDM SEAT,LEVER, 4""/DN100"
449,D381XE,XD381X,"Grv BFV BVG-3 FR 21bar/300psi 10""/DN250 GG w/switches"
456,D71X4,XD371X4,"DI WAFER FIRE RISER BV,DI DISC,EPDM SEAT, 3""/DN80"
457,D81X4-BL,D81X4,"DI GRVD BV,DI+EPDM DISC,LEVER, 5""/141MM"
459,D71XV4,D71X4,6  DI BFV WAFER/LEVER/SS316 DISC/BUNA-N SEAT
462,XD381XG,XD381X,"DI GRVD FIRE RISER BV,DI+EPDM DISC, 8""/219MM NORMAL CLOSE"
463,XD381XG,XD381X,"DI GRVD FIRE RISER BV,DI+EPDM DISC, 10""/273MM NORMAL CLOSE"
465,XD381X,D81X,"Grvd B/fly Valve Fig 216 3"" 88.9od with 1m flying lead"
468,XD381X,D81X,"Grvd B/fly Valve Fig 216 2"" 60.3od with 1m flying lead"
471,D381X4-BL,D81X4-BL,"DI GRVD BV,DI+NBR DISC,GEAR , 6""/168MM"
472,D71X4,D71X,T-335AB BUTTERFLY VALVE
473,D71X4,D71X,T-335DI BUTTERFLY VALVE
474,D71XLV4,D71X,T-367AB BUTTERFLY VALVE
475,D71XLV4,D71X,T-367SS BUTTERFLY VALVE
495,D81X4-BL,D81X4,"DI GRVD BV,DI+EPDM DISC,LEVER, 2""/60MM"
496,D81X4-BL,D81X4,"DI GRVD BV,DI+EPDM DISC,LEVER, 21/2""/73MM"
505,XD381XG,XD381X,"DI GRVD FIRE RISER BV,DI+EPDM DISC, 21/2""/76MM NORMAL CLOSE"
506,XD381XE,XD381X,"DI GRVD FIRE RISER BV,DI+EPDM DISC, 8""/219MM"
507,XD381XE,XD381X,"DI GRVD FIRE RISER BV,DI+EPDM DISC, 3""/89MM"
508,XD381XE,XD381X,"DI GRVD FIRE RISER BV,DI+EPDM DISC, 21/2""/76MM"
509,XD381XE,XD381X,"DI GRVD FIRE RISER BV,DI+EPDM DISC, 2""/60MM"
512,XD371X,D71X,"Wafer Butterfly Valve Fig 215 8"" 200mm 1m flying lead"
517,D71XK,D71X4,"DI WAFER BV,DI DISC,EPDM SEAT,GEAR, 10""/DN250"
518,D71XK,D71X4,"DI WAFER BV, SS 316 DISC ,EPDM SEAT,LEVER, 8""/DN200"
519,D71XK,D71X4,"DI WAFER BV,DI DISC,EPDM SEAT,GEAR,8""/DN200"
520,D71XK,D71X4,"DI WAFER BV, SS 316 DISC ,EPDM SEAT,LEVER, 5""/DN125"
521,D71XK,D71X4,"DI WAFER BV,316 DISC,EPDM SEAT,GEAR, 10""/DN250"
522,D71XK,D71X4,"DI WAFER BV,316 DISC,EPDM SEAT,GEAR, 12""/DN300"
524,D71XK,D71X4,"DI WAFER BV, SS 316 DISC ,EPDM SEAT,LEVER, 6""/DN150"
526,D71XK,D71X4,"DI WAFER BV, SS 316 DISC ,EPDM SEAT,LEVER, 4""/DN100"
528,D71XK,D71X4,"DI WAFER BV, SS 316 DISC ,EPDM SEAT,LEVER, 3""/DN80"
530,D71XK,D71X4,"DI WAFER BV,DI DISC,EPDM SEAT,GEAR, 12""/DN300"
531,D71XK,D71X4,"DI WAFER BV, SS 316 DISC ,EPDM SEAT,LEVER, 21/2""/DN65"
532,D71XK,D71X4,"DI WAFER BV,316 DISC,EPDM SEAT,GEAR, 8""/DN200"
533,D71XK,D71X4,"DI WAFER BV, SS 316 DISC ,EPDM SEAT,LEVER, 2""/DN50"
534,D71XLK,D71XLV4,"DI LUG WAFER BV,304 DISC,304 B&N,LEVER, 4""/DN100"
535,D71X4,D71X,T-335AB-G BUTTERFLY-VALVE
536,D71XLV4,D71X,T-365AB BUTTERFLY VALVE
537,D71XLV4,D71X,T-365SS BUTTERFLY VALVE
538,D71XLV4,D71X,T-365DI BUTTERFLY VALVE
547,D71X4,XD371X4,"DI WAFER FIRE RISER BV,DI DISC,EPDM SEAT, 8""/DN200"
548,D71X4,XD371X4,"DI WAFER FIRE RISER BV,DI DISC,EPDM SEAT, 10""/DN250"
549,D71X4,D71XK,"DI WAFER BV,DI DISC,EPDM SEAT,LEVER, 10""/DN250"
550,D71X4,D71XK,"DI WAFER BV,DI DISC,EPDM SEAT,LEVER, 6""/DN150"
551,D71X4,D71XK,"DI WAFER BV,DI DISC,EPDM SEAT,LEVER, 4""/DN100"
552,XD381X4,XD381X,"DI GRVD FIRE RISER BV,DI+EPDM DISC, 21/2""/76MM"
553,XD381X4,XD381X,"Grv BFV BVG-3 FR 21bar/300psi 4""/DN100 GG w/switches"
554,XD371X,D71X,"DI WAFER  BV,DI+EPDM DISC, GEAR, 8""/DN200"
555,XD371X,D71X,"DI WAFER BV,DI+EPDM DISC, GEAR, 10""/DN250"
556,XD371X,D71X,"DI WAFER BV,DI+EPDM DISC, GEAR, 12""/DN300"
557,D71X,D71XK,"DI WAFER BV,DI DISC,EPDM SEAT,LEVER, PN25 6""/DN150"
558,D71X,D71XK,"DI WAFER BV,DI DISC,EPDM SEAT,LEVER, PN25 8""/DN200"
562,D71XV4,D71X4,"3"" DI BFV WAFER/LEVERSS316  DISC/BUNA-N SEAT"
566,D71X4,D71XK,"DI WAFER BV,DI DISC,EPDM SEAT,LEVER, 4""/DN100"
570,XD381X,D81X,"Grvd B/fly Valve Fig 216 5"" 139.7od with 1m flying lead"
571,XD371X,D71X,"Wafer Butterfly Valve Fig 215 10"" 250mm 1m flying lead"
574,D71XLV4,D71X,T-365AB-G BUTTERFLY VALVE
575,XD381X,D81X,"DI GRVD BV, RXD381X, ST-300S,4""/114.3mm"
581,XD371XG,XD371X,"DI WAFER FIRE RISER BV,DI+EPDM DISC, 4""/DN100"
583,XD371X,D71X,"Waf BFV BVW2 21bar/300psi 6""/DN150 FF ANSI/PN w/o switch"
587,XD371X,D71X4,"Wafer Butterfly Valve Model FBW Gearbox,304 B&N,  21bar/300psi 3""/DN80 FF ANSI/PN"
589,XD371XL,D71XL,"LD48638N 3"" LUG BUTTERFLY VALVE"
591,D341X-R4,D41X-R4,"DI FLGD BV,SS 304 DISC,EPDM SEAT,PN25,GEAR, 12""/DN300"
592,D341X-R4,D41X-R4,"DI FLGD BV,SS 304 DISC,EPDM SEAT,PN25,GEAR, 20""/DN500"
594,D342X71,D342X,"DI DOUBLE ECCENTRIC FLANGED BUTTERFLY VALVE, 16""/DN400"
599,D71X4,D71XK,"DI WAFER BV,DI DISC,304 B&N,LEVER, 3""/DN80"
600,XD371XL,D71XLV4,"DI Lug Butterfly Valve,Gear Operated,10""/DN250"
601,D71XLV4,D71XL4,"DI LUG WAFER BV,DI DISC,EPDM SEAT,SS304 B&N,PN16,GEAR, 20""/DN250"
602,D71XLV4,D71XL4,"DI LUG WAFER BV,DI DISC,EPDM SEAT,SS304 B&N,PN16,LEVER, 3""/DN80"
610,D81X700,D81F700,70G 3 DI GRV BFV 316 DISC T SEAL
611,D81X4,XD381X,"DI GRVD FIRE RISER BV,DI+EPDM DISC, 6""/168MM"
614,D81X4-BL,D81XE,"DI GRVD BV,DI+NBR DISC,LEVER, 6""/168MM"
615,D381X,XD381X,"DI GRVD BV,DI+EPDM DISC,GEAR UL/FM,21/2""/73MM"
624,XD381X,D71X,BUTTERFLY VALVE BVG D60 XD381X-300
636,D71XLV4,D71X,T-367DI BUTTERFLY VALVE
645,XD381X,D81X,"DI GRVD BV, RXD381X, ST-300S,6""/168.3mm"
652,D71X4,D71XS4,"DI WAFER BV,304 DISC,EPDM SEAT,AL HANDLE, 21/2""/DN65"
653,D71X4,D71XS4,"DI WAFER BV,304 DISC,EPDM SEAT,AL HANDLE, 5""/DN125"
664,D71XK,D71X4,"DI WAFER BV,DI DISC,EPDM SEAT,GEAR,SS304 B&N,3""/DN80"
665,D71XK,D71X4,"DI WAFER BV,DI DISC,EPDM SEAT,GEAR, SS304 B&N,4""/DN100"
666,D71XK,D71X4,"DI WAFER BV,DI DISC,EPDM SEAT,GEAR,SS304 B&N, 6""/DN150"
667,D71XK,D71X4,"DI WAFER BV,DI DISC,EPDM SEAT,GEAR,SS304 B&N, 8""/DN200"
668,D71XK,D71X4,"DI WAFER BV,DI DISC,EPDM SEAT,GEAR,SS304 B&N, 10""/DN250"
669,D71XK,D71X4,"DI WAFER BV,DI DISC,EPDM SEAT,GEAR,SS304 B&N, 12""/DN300"
675,D71X4,D71XK,"DI WAFER BV,SS304 DISC,EPDM SEAT,LEVER, 3""/DN80"
676,D71X4,D71XK,"DI WAFER BV,SS304 DISC,EPDM SEAT,LEVER, 4""/DN100"
677,D71X4,D71X,T-335SS BUTTERFLY
688,D381X,XD381X,"DI GRVD BV,DI+EPDM DISC,GEAR UL/FM,5""/141MM"
689,XD371X,D71X,"Wafer Butterfly Valve Fig 215 4"" 100mm 1m flying lead"
690,XD371X,D71X,"Wafer Butterfly Valve Fig 215 6"" 150mm 1m flying lead"
693,D71X4,D71X,"Wafer Butterfly Valve Model FBWL Level 21bar/300psi 4""/DN100 FF ANSI/PN"
694,D71X4,D71X,"Wafer Butterfly Valve Model FBWL Level 21bar/300psi 6""/DN150 FF ANSI/PN"
695,D381X,XD381X,"DI GRVD FIRE RISER BV,DI+EPDM DISC, 4""/114MM"
696,D381X,XD381X,"DI GRVD BV,DI+EPDM DISC,GEAR UL/FM,6""/165MM"
697,D381X,XD381X,"DI GRVD FIRE RISER BV,DI+EPDM DISC, 21/2""/76MM"
698,D381X,XD381X,"DI GRVD BV,DI+EPDM DISC,GEAR UL/FM,2""/60MM"
699,D381X,XD381X,"DI GRVD BV,DI+EPDM DISC,GEAR UL/FM,5""/140MM"
711,D81XE,D81X4,"DI GRVD BV,DI+EPDM DISC,LEVER, 8""/219MM"
712,D381X,XD381X,"DI GRVD FIRE RISER BV,DI+EPDM DISC, 6""/168MM"
713,D71XK,D71X4,"DI WAFER BV,DI DISC,EPDM SEAT,GEAR,SS304 B&N,5""/DN125"
717,D371X4,D71XV4,"DI WAFER BV,316 DISC,NBR SEAT,GEAR, 10""/DN250"
720,D81X4,XD381X,"DI GRVD FIRE RISER BV,DI+EPDM DISC, 4""/114MM"
721,D81X4,XD381X,"DI GRVD FIRE RISER BV,DI+EPDM DISC, 6""/165MM"
729,D81X700,D81F700,70G 6 DI GRV BFV 316 DISC T SEAL
730,D81X700,D81F700,70G 4 DI GRV BFV 316 DISC T SEAL
731,D381X,D81X,"GD48634N 6"" GROOVE BUTTERFLY VALVE"
732,D381X,D81X,"GD48634N 4"" GROOVE BUTTERFLY VALVE"
735,XD381X76,XD381X,"DI GRVD FIRE RISER BV,DI+EPDM DISC, 6""/165MM"
739,XD371X4,XD371X,"Waf BFV BVW-3 FR FR 21bar/300psi 4""/DN100 FF ANSI/PN w/switches"
753,基配,XD381X,"DI GRVD FIRE RISER BV,C/W TWO 3/4"" TAPS,4""/114MM"
754,XD371X,XD371XL,VLV BUTTERFLY DI 80MM H/WHEEL C/W SWITCH UL XD371X
755,XD371X,XD371X4,"DI WAFER FIRE RISER BV,DI DISC,EPDM SEAT, 2""/DN50"
760,D71X4,D71XK,"DI WAFER BV,DI DISC,EPDM SEAT & O-RING,LEVER, 3""/DN80"
761,D71X4,D71XK,"DI WAFER BV,DI DISC,EPDM SEAT & O-RING,LEVER, 4""/DN100"
762,D71X4,D71XK,"DI WAFER BV,DI DISC,EPDM SEAT & O-RING,LEVER, 6""/DN150"
763,D71X4,D71X,"Wafer Butterfly Valve Model FBWL Level 21bar/300psi 21/2""/DN65 FF ANSI/PN"
764,D71X4,D71X,"Wafer Butterfly Valve Model FBWL Level 21bar/300psi 2""/DN50 FF ANSI/PN"
766,D381X4-BL,D81X4-BL,"DI GRVD BV,DI+NBR DISC,GEAR , 10""/273MM"
767,D71X4,D71XK,"DI WAFER BV,SS304 DISC,EPDM SEAT,LEVER, 6""/DN150"
768,D381XE,D81X4,"DI GRVD BV,DI+EPDM DISC,GEAR, 4""/114MM"
769,D381XE,D81X4,"DI GRVD BV,DI+EPDM DISC,GEAR, 6""/168MM"
770,XD371X,XD371XL,VLV BUTTERFLY DI 200MM H/WHEEL C/W SWITCH UL XD371X
773,XD371X,D71X,BUTTERFLY VALVE BVW DN150 XD371X-300
774,XD381X,D71X,BUTTERFLY VALVE BVG D76 XD381X-300
775,D381X,XD381X,"DI GRVD BV,DI+EPDM DISC,GEAR UL/FM,10""/273MM"
779,D71X4,D71XK,"DI WAFER BV,304 DISC,EPDM SEAT,LEVER, 21/2""/DN65"
788,D71X4,D71X,T-337SS BUTTERFLY VALVE
789,D381X,D81X,"Grv BFV BVG2 21bar/300psi 4""/DN100 GG w/o switches"
801,D71X4,D71XK,"DI WAFER BV WITH DOUBLE LIMIT SWITCH,DI DISC,EPDM SEAT,LEVER, 3""/DN80"
802,D71X4,D71XK,"DI WAFER BV WITH DOUBLE LIMIT SWITCH,DI DISC,EPDM SEAT,LEVER, 6""/DN150"
803,D71X4,D71XK,"DI WAFER BV WITH DOUBLE LIMIT SWITCH,DI DISC,EPDM SEAT,LEVER, 8""/DN200"
804,D71X4,D71XK,"DI WAFER BV WITH DOUBLE LIMIT SWITCH,DI DISC,EPDM SEAT,LEVER, 10""/DN250"
805,D71X4,D71XK,"DI WAFER BV,304 DISC,EPDM SEAT,LEVER, T/E,3""/DN80"
806,D81X4-BL,D81XE,"DI GRVD BV,DI+NBR DISC,LEVER, 3""/89MM"
814,D71X4,XD371X4,"DI WAFER FIRE RISER BV,DI DISC,EPDM SEAT, 6""/DN150"
815,D71X4,XD371X4,"DI WAFER FIRE RISER BV,DI DISC,EPDM SEAT, 2""/DN50"
816,D71X4,XD371X4,"DI WAFER FIRE RISER BV,DI DISC,EPDM SEAT, 3""/DN80"
817,D71X4,XD371X4,"DI WAFER FIRE RISER BV,DI DISC,EPDM SEAT, 8""/DN200"
818,D71X4,XD371X4,"DI WAFER FIRE RISER BV,DI DISC,EPDM SEAT, 10""/DN250"
820,D71X4,D71X,T-337AB BUTTERFLY -BUNA
821,D371X,D71X,"VALVE BODY WITH STEM,DN50"
823,D71X4,D71XK,"DI WAFER BV WITH DOUBLE LIMIT SWITCH,DI DISC,EPDM SEAT,LEVER, 12""/DN300"
825,XD381X4,XD381X,"DI GRVD FIRE RISER BV,DI+EPDM DISC, 2""/60MM"
829,D71X4,D71F4,"DI WAFER BV,316 DISC,EPDM SEAT,PTFE BUSHING,LEVER, 3""/DN80"
830,D71X4,D71F4,"DI WAFER BV,316 DISC,EPDM SEAT,PTFE BUSHING,LEVER, 4""/DN100"
831,D71X4,D71F4,"DI WAFER BV,316 DISC,EPDM SEAT,PTFE BUSHING,LEVER, 6""/DN150"
832,D71X4,D71F4,"DI WAFER BV,316 DISC,EPDM SEAT,PTFE BUSHING,LEVER, 8""/DN200"
833,D71X4,D71F4,"DI WAFER BV,316 DISC,EPDM SEAT,PTFE BUSHING,LEVER, 10""/DN250"
838,XD381XG,XD381X,"DI GRVD FIRE RISER BV,DI+EPDM DISC,300PSI,2""/60MM,WITH NORMAL CLOSE"
839,XD381XG,XD381X,"DI GRVD FIRE RISER BV,DI+EPDM DISC,300PSI,3""/89MM,WITH NORMAL CLOSE"
840,XD381XG,XD381X,"DI GRVD FIRE RISER BV,DI+EPDM DISC,300PSI,4""/114MM,WITH NORMAL CLOSE"
841,XD381XG,XD381X,"DI GRVD FIRE RISER BV,DI+EPDM DISC,300PSI,6""/168MM,WITH NORMAL CLOSE"
842,XD381XG,XD381X,"DI GRVD FIRE RISER BV,DI+EPDM DISC,300PSI,8""/219MM,WITH NORMAL CLOSE"
843,XD381XG,XD381X,"DI GRVD FIRE RISER BV,DI+EPDM DISC,300PSI,10""/273MM,WITH NORMAL CLOSE"
844,XD381XG,XD381X,"DI GRVD FIRE RISER BV,DI+EPDM DISC, 300PSI,12""/324MM ,WITH NORMAL CLOSE"
846,XD381XG,XD381X,"DI GRVD FIRE RISER BV,DI+EPDM DISC,300PSI,2 1/2""/73MM,WITH NORMAL CLOSE"
848,XD381X,D81X,"GD48638N 12"" GROOVE BUTTERFLY VALVE"
849,XD381X,D81X,"GD48638N 2 1/2"" GROOVE BUTTERFLY VALVE(76 mm)"
850,XD381XE,XD381X,"DI GRVD FIRE RISER BV,DI+EPDM DISC, 10""/273MM"
852,XD371X4,XD371X,"Waf BFV BVW-3 FR FR 21bar/300psi 2-1/2""/DN65 FF ANSI/PN w/switches"
853,XD371X4,XD371X,"Waf BFV BVW-3 FR FR 21bar/300psi 3""/DN80 FF ANSI/PN w/switches"
869,D81X4-BL,D81X4,"DI GRVD BV,DI+EPDM DISC,LEVER, 6""/168MM"
874,D71X4,D71XK,"DI WAFER BV WITH DOUBLE LIMIT SWITCH,DI DISC,EPDM SEAT,LEVER, 21/2""/DN65"
876,D71XLK,D71XL4,"DI LUG WAFER BV,DI DISC,EPDM SEAT,LEVER, 3""/DN80"
877,XD371X,XD371X4,"DI WAFER FIRE RISER BV,DI DISC,EPDM SEAT,EPDM O-Ring, 4""/DN100"
878,XD381XG,D71X4,SPF BFV-1-NC 6  EPDM W/GEAR-OP
879,XD381XG,D71X4,SPF BFV-1-NC 8  EPDM W/GEAR-OP
880,D71X4,XD371X4,"DI WAFER FIRE RISER BV,DI DISC,EPDM SEAT, 21/2""/DN65"
881,D71X4,XD371X4,"DI WAFER FIRE RISER BV,DI DISC,EPDM SEAT, 5""/DN125"
882,D71X4,XD371X4,"DI WAFER FIRE RISER BV,DI DISC,EPDM SEAT, 4""/DN100"
883,D71X4,XD371X4,"DI WAFER FIRE RISER BV,DI DISC,EPDM SEAT, 16""/DN400"
884,D71X4,XD371X4,"DI WAFER FIRE RISER BV,DI DISC,EPDM SEAT, 14""/DN350"
889,D81XS4,D81X,"GROOVED FIREBUTTERFLY VALVE, 4""/DN114"
890,D71XLK,D71XL4,"DI LUG WAFER BV,DI DISC,EPDM SEAT,LEVER, 4""/DN100"
891,D71XLV4,D71XL4,"DI LUG WAFER BV, SS316 DISC,EPDM SEAT,ALUMINIUM LEVER, EPDM SEAL, 4""/DN100"
892,D71XLV4,D71XL4,"DI LUG WAFER BV, SS316 DISC,EPDM SEAT,ALUMINIUM LEVER, EPDM SEAL, 2""/DN50"
893,D71XLV4,D71XL4,"DI LUG WAFER BV, SS316 DISC,EPDM SEAT,ALUMINIUM LEVER, EPDM SEAL, 21/2""/DN65"
894,D71XLV4,D71XL4,"DI LUG WAFER BV, SS316 DISC,EPDM SEAT,ALUMINIUM LEVER, EPDM SEAL, 3""/DN80"
895,D71XLV4,D71XL4,"DI LUG WAFER BV, SS316 DISC,EPDM SEAT,ALUMINIUM LEVER, EPDM SEAL, 5""/DN125"
896,D71XLV4,D71XL4,"DI LUG WAFER BV, SS316 DISC,EPDM SEAT,ALUMINIUM LEVER, EPDM SEAL, 6""/DN150"
897,D71XLV4,D71XL4,"DI LUG WAFER BV, SS316 DISC,EPDM SEAT,ALUMINIUM LEVER, EPDM SEAL, 8""/DN200"
898,D371XLV4,D71XLV4,"DI LUG WAFER BV,SS316 DISC,EPDM SEAT,GEAR, EPDM SEAL,10""/DN250"
899,D371XLV4,D71XLV4,"DI LUG WAFER BV,SS316 DISC,EPDM SEAT,GEAR, EPDM SEAL,12""/DN300"
907,D371X4,D71X4,"DI WAFER BV,SS316 DISC,EPDM SEAT, EPDM SEALGEAR,10""/DN250"
908,D371X4,D71X4,"DI WAFER BV,SS316 DISC,EPDM SEAT, EPDM SEALGEAR,12""/DN300"
909,XD371XL,D71X,LD48638N 5 300PSI ULFM VdS BFV W SW (I)
910,D71XK,D71X4,"DI WAFER BV,DI DISC,EPDM SEAT,GEAR, 4""/DN100"
912,D71XK,D71X4,"DI WAFER BV,DI DISC,EPDM SEAT,GEAR, 4""/DN100"
915,D371XL,XD371XL,"DI LUG FIRE RISER WAFER BV,DI+EPDM DISC,DN100"
916,D371XL,XD371XL,"DI LUG FIRE RISER WAFER BV,DI+EPDM DISC, DN65"
918,D71X4,D71XK,"DI WAFER BV,DI DISC,EPDM SEAT,LEVER, 5""/DN125"
926,D81XE,D81X4,"DI GRVD BV,DI+EPDM DISC,LEVER, 6""/165MM"
928,XD381XG,D71X4,SPF BFV-1-NC 21/2 EPDM W/GEAR-OP
929,XD381XG,D71X4,SPF BFV-1-NC 3  EPDM W/GEAR-OP
930,XD381XG,D71X4,SPF BFV-1-NC 4  EPDM W/GEAR-OP
932,D81X4,XD381X,"DI GRVD FIRE RISER BV,DI+EPDM DISC, 4""/114MM"
933,D81X4,XD381X,"DI GRVD FIRE RISER BV,DI+EPDM DISC, 21/2""/73MM"
939,XD371X4,XD371X,"Waf BFV BVW-3 FR 21bar/300psi 2""/DN50 FF ANSI/PN w/switches"
940,D81XE,D81X4,"8 300PSI AWWA DI GRVD BFV DI EPDM DISC,LEVER OP"
941,D81XE,D81X4,"10 300PSI AWWA DI GRVD BFV DI EPDM DISC,LEVER OP"
953,D71X4,D71X,T-337DI-G BUTTERFLY VALVE
955,XD371X,XD371X4,"DI WAFER FIRE RISER BV,DI DISC,EPDM SEAT,EPDM O-Ring, 8""/DN200"
967,D71X4,D71X,"Universal Wafer Butterfly Valve, DN 80, 3"""
968,D71X4,D71X,"Universal Wafer Butterfly Valve, DN 100, 4"""
969,D71X4,D71X,"Universal Wafer Butterfly Valve, DN 125, 5"""
970,D71X4,D71X,"Universal Wafer Butterfly Valve, DN 150, 6"""
974,D71X4,D71XK,"DI WAFER BV,DI DISC,304 B&N,LEVER, 4""/DN100"
980,基配,XD381X,"DI GRVD FIRE RISER BV,C/W TWO TAPS,6""/165MM, 363 PSI"
981,D381X,D81X4,"DI GRVD BV,DI+EPDM DISC,GEAR,SPECIAL EXTERNAL FIXTURE OF SALZGITTER,21/2""/76MM"
982,D81X700,D81F700,70G 2 DI GRV BFV 316 DISC T SEAL
984,D71XLV4,D71XL4,"8"" CI BFV LUG/LEVER/316SS DISC BUNA-N SEAT"
985,D71XV4,D71X4,10 DI BFV WAFER/LEVER/SS316 DISC/BUNA-N SEAT
988,D81XE,D81X4,"DI GRVD BV,DI+EPDM DISC,LEVER, 10""/273MM"
989,D81XE,D81X4,"DI GRVD BV,DI+EPDM DISC,LEVER, 12""/324MM"
990,D71XK,D71X4,"DI WAFER BV,316 DISC,EPDM SEAT,2""/DN50"
991,D71XK,D71X4,"DI WAFER BV,316 DISC,EPDM SEAT,GEAR, 2""/DN50"
994,D71X4,XD371X4,"DI WAFER FIRE RISER BV,DI DISC,EPDM SEAT, 21/2""/DN65"
995,XD381XE,XD381X,"DI GRVD FIRE RISER BV,DI+EPDM DISC, 6""/168MM"
996,XD371XG,XD371X,"DI WAFER FIRE RISER BV,DI+EPDM DISC, 2""/DN50"
997,XD371X,D71X,"WD48638N 5"" WAFER BUTTERFLY VALVE"
998,XD381X,D81X,"GD48638N 5"" GROOVE BUTTERFLY VALVE"
1000,D71X4,D71XK,"DI WAFER BV,DI DISC,304 B&N,LEVER, 21/2""/DN65"
1009,D71X4,XD371X4,"DI WAFER FIRE RISER BV,DI DISC,EPDM SEAT, 14""/DN350"
1011,XD381X4,XD381X,"DI GRVD FIRE RISER BV,DI+EPDM DISC, 10""/250MM"
1012,XD381X4,XD381X,"DI GRVD FIRE RISER BV,DI+EPDM DISC, 3""/80MM"
1013,XD381X4,XD381X,"DI GRVD FIRE RISER BV,DI+EPDM DISC, 8""/200MM"
1014,XD381X4,XD381X,"DI GRVD FIRE RISER BV,DI+EPDM DISC, 6""/150MM"
1015,XD381X4,XD381X,"DI GRVD FIRE RISER BV,DI+EPDM DISC, 2""/50MM"
1018,D81XE,D81X4,"DI GRVD BV,DI+EPDM DISC,LEVER, 5""/140MM"
1020,D71X4,XD371X4,"DI WAFER FIRE RISER BV,DI DISC,EPDM SEAT, 12""/DN300"
1023,D371XLV4,D71XLV4,"DI LUG WAFER BV,304 DISC,EPDM SEAT,T/E,GEAR, 12""/DN300"
1024,D381XE,XD381X,"Grv BFV BVG-3 FR 21bar/300psi 2""/DN50 GG w/switches"
1026,XD381XE,XD381X,"DI GRVD FIRE RISER BV,DI+EPDM DISC, 4""/114MM"
1028,D71X4,D71XK,"DI WAFER BV,DI DISC,EPDM SEAT & O-RING,LEVER, 10""/DN250"
1029,D381X,XD381X,"DI GRVD FIRE RISER BV,DI+EPDM DISC, 2""/60MM"
1040,D371XV4,D71XV4,"DI WAFER BV,DI DISC,EPDM SEAT,NO DRIVE, 24""/DN600"
1041,D371XK,D71XV4,"DI WAFER BV,DI DISC,EPDM SEAT,NO DRIVE,8""/DN200"
1043,XD371XLV4,D71XLV4,"DI LUGGED BUTTERFLY VALVE,JIS 10K, NEW TURBINE, 5""/DN125"
1044,XD381X,D81X,"DI GRVD BV, RXD381X, ST-300S,3""/88.9mm"
1046,D371XL,D71XL,"LD48634N 4"" LUG BUTTERFLY VALVE"
1047,D371XL,D71XL,"LD48634N 6"" LUG BUTTERFLY VALVE"
1048,D81X4-BL,D81X4,"DI GRVD BV,DI+EPDM DISC,LEVER, 8""/219MM"
1049,D81X4-BL,D81X4,"DI GRVD BV,DI+EPDM DISC,LEVER, 10""/273MM"
1058,XD381X76,XD381X,"DI GRVD FIRE RISER BV,DI+EPDM DISC, 2""/60MM"
1066,D81X4-BL,D81X,"DI GRVD BV, ALUMINUM HANDLE, LONG STEM, 80°C .  114MM"
1067,XD381XG,XD381X,"DI GRVD FIRE RISER BV,DI+EPDM DISC,300PSI,4""/114MM,WITH NORMAL CLOSE"
1068,XD381XG,XD381X,"DI GRVD FIRE RISER BV,DI+EPDM DISC,300PSI,6""/168MM,WITH NORMAL CLOSE"
1069,XD381XG,XD381X,"DI GRVD FIRE RISER BV,DI+EPDM DISC,300PSI,10""/273MM,WITH NORMAL CLOSE"
1070,XD371XG,XD371X,"DI WAFER FIRE RISER BV,DI+EPDM DISC, 8""/DN200"
1071,XD371X,XD371X4,"DI WAFER FIRE RISER BV,DI DISC,EPDM SEAT,EPDM O-Ring, 8""/DN200"
1072,XD371X,XD371X4,"DI WAFER FIRE RISER BV,DI DISC,EPDM SEAT,EPDM O-Ring, 6""/DN150"
1075,D81X4,XD381X,"DI GRVD FIRE RISER BV,DI+EPDM DISC, 2""/60MM"
1077,XD371X,D71X,"DIN WAFER Butterfly Valve with Internal Switch, with 2 METERS LONG CABLE, 12""/DN300"
1078,XD371X4,D71X4,"Wafer Butterfly Valve Model FBW Gearbox 17bar/250psi 10""/DN250 FF ANSI/PN"
1079,D81X700,D81X702,"DI GRVD BV,316 DISC,LEVER, 4""/114MM"
1083,D71X4,D71XS4,"DI WAFER BV,304 DISC,EPDM SEAT,AL HANDLE, 4""/DN100,608"
1084,D71X4,D71XS4,"DI WAFER BV,304 DISC,EPDM SEAT,AL HANDLE, 5""/DN125,608"
1090,D81XE,D81X4,"Grooved Butterfly Valve BVG-6 Lever 21bar/300psi 4""/DN100 GG"
1092,D71X4,D71X,"Wafer Butterfly Valve Model FBWL Level 21bar/300psi 5""/DN125 FF ANSI/PN"
1093,XD381X4,XD381X,"DI GRVD FIRE RISER BV,DI+EPDM DISC, 12""/324MM"
1094,D381X4-BL,D81X4-BL,"DI GRVD BV,DI+NBR DISC,GEAR , 8""/219MM"
1095,D81X4,XD381X,"DI GRVD FIRE RISER BV,DI+EPDM DISC, 21/2""/76MM"
1101,D71XLV4,D71X4,"DI WAFER BV,316 DISC,EPDM SEAT,GEAR, 10""/DN250"
1102,D71XLV4,D71X4,"DI WAFER BV,316DISC,EPDM SEAT,GEAR, 12""/DN300"
1103,D81X4-BL,D81X,"DI GRVD BV, ALUMINUM HANDLE, LONG STEM, 80°C .  76MM"
1104,D81X4-BL,D81X,"DI GRVD BV, ALUMINUM HANDLE, LONG STEM, 80°C .  89MM"
1105,D81X4-BL,D81X,"DI GRVD BV, ALUMINUM HANDLE, LONG STEM, 80°C .  168MM"
1106,D81X4-BL,D81X,"DI GRVD BV, ALUMINUM HANDLE, LONG STEM, 80°C .  219MM"
1107,D381X4-BL,D81XE,"DI GRVD BV, LONG STEM, 80°C, WITHOUT PA SEAL, GEAR SWITCH AND HANDLE. 219MM"
1108,D381X4-BL,D81XE,"DI GRVD BV, LONG STEM, 80°C, WITHOUT PA SEAL, GEAR SWITCH AND HANDLE. 273MM"
1109,D381X4-BL,D81XE,"DI GRVD BV, LONG STEM, 80°C, WITHOUT PA SEAL GEAR SWITCH AND HANDLE. 324MM"
1110,D81X4-BL,D81X,"DI GRVD BV, ALUMINUM HANDLE, LONG STEM, 80°C .  140MM"
1111,D81X4-BL,D81X,"DI GRVD BV, ALUMINUM HANDLE, LONG STEM, 80°C .  60MM"
1112,D71XV4,D71XK,"DI WAFER BV,SS304 DISC,EPDM SEAT,LEVER, 4""/DN100"
1113,D71XV4,D71XK,"DI WAFER BV,SS304 DISC,EPDM SEAT,LEVER, 5""/DN125"
1116,XD381X76,XD381X,"DI GRVD FIRE RISER BV,DI+EPDM DISC, 12""/324MM"
1131,D71XLK,D71XL4,"DI LUGGED WAFER BV,SS 316 DISC,EPDM SEAT,LEVER,2""/DN50"
1132,D81XE,D81X4,"Grooved Butterfly Valve BVG-6 Lever 21bar/300psi 4""/DN100 114mm GG"
1133,D81XE,D81X4,"Grooved Butterfly Valve BVG-6 Lever 21bar/300psi 6""/DN150 168mm GG"
1135,D41X4,D41X-R4,"DI FLGD BV,304 DISC&STEM,EPDM SEAT,GEAR, 5""/DN125"
1138,D71X4,D71XK,"DI WAFER BV,SS304 DISC,EPDM SEAT,LEVER, 2 1/2""/DN65"
1139,D71X4,D71XK,"DI WAFER BV,SS304 DISC,EPDM SEAT,LEVER, 8""/DN200"
1140,XD371X,D71X,BUTTERFLY VALVE BVW DN65 XD371X-300
1142,D381X,D81X4,"DI GRVD BV,DI+EPDM DISC,GEAR,SPECIAL EXTERNAL FIXTURE OF SALZGITTER,2""/60MM"
1143,D381X,D81X4,"DI GRVD BV,DI+EPDM DISC,GEAR,SPECIAL EXTERNAL FIXTURE OF SALZGITTER,3""/89MM"
1144,D381X,D81X4,"DI GRVD BV,DI+EPDM DISC,GEAR,SPECIAL EXTERNAL FIXTURE OF SALZGITTER,4""/114MM"
1145,D381X,D81X4,"DI GRVD BV,DI+EPDM DISC,GEAR,SPECIAL EXTERNAL FIXTURE OF SALZGITTER,5""/140MM"
1146,D381X,D81X4,"DI GRVD BV,DI+EPDM DISC,GEAR,SPECIAL EXTERNAL FIXTURE OF SALZGITTER,6""/168MM"
1147,D381X,D81X4,"DI GRVD BV,DI+EPDM DISC,GEAR,SPECIAL EXTERNAL FIXTURE OF SALZGITTER,8""/219MM"
1148,D381X,D81X4,"DI GRVD BV,DI+EPDM DISC,GEAR,SPECIAL EXTERNAL FIXTURE OF SALZGITTER,10""/273MM"
1149,D371X,XD371X,"DI WAFER FIRE RISER BV,DI+EPDM DISC,SPECIAL EXTERNAL FIXTURE OF SALZGITTER,2""/DN50"
1150,D371X,XD371X,"DI WAFER FIRE RISER BV,DI+EPDM DISC,SPECIAL EXTERNAL FIXTURE OF SALZGITTER,21/2""/DN65"
1151,D371X,XD371X,"DI WAFER FIRE RISER BV,DI+EPDM DISC,SPECIAL EXTERNAL FIXTURE OF SALZGITTER,3""/DN80"
1152,D371X,XD371X,"DI WAFER FIRE RISER BV,DI+EPDM DISC,SPECIAL EXTERNAL FIXTURE OF SALZGITTER,4""/DN100"
1153,D371X,XD371X,"DI WAFER FIRE RISER BV,DI+EPDM DISC,SPECIAL EXTERNAL FIXTURE OF SALZGITTER,5""/DN125"
1154,D371X,XD371X,"DI WAFER FIRE RISER BV,DI+EPDM DISC,SPECIAL EXTERNAL FIXTURE OF SALZGITTER,6""/DN150"
1155,D371X,XD371X,"DI WAFER FIRE RISER BV,DI+EPDM DISC,SPECIAL EXTERNAL FIXTURE OF SALZGITTER,8""/DN200"
1156,D371X,XD371X,"DI WAFER FIRE RISER BV,DI+EPDM DISC,SPECIAL EXTERNAL FIXTURE OF SALZGITTER,10""/DN250"
1162,D371XLV4,D71XLV4,"DI LUG WAFER BV,304 DISC,EPDM SEAT,T/E,GEAR, 3""/DN80"
1163,D371XLV4,D71XLV4,"DI LUG WAFER BV,304 DISC,EPDM SEAT,T/E,GEAR, 4""/DN100"
1164,D371XLV4,D71XLV4,"DI LUG WAFER BV,304 DISC,EPDM SEAT,T/E,GEAR, 5""/DN125"
1165,D371XLV4,D71XLV4,"DI LUG WAFER BV,304 DISC,EPDM SEAT,T/E,GEAR, 10""/DN250"
1168,D71XLV4,D71XL,"Stainless steel 304 Lugged Butterfly Valve, 3""/DN80,PN16"
1169,D71X4,XD371X4,"DI WAFER FIRE RISER BV,DI DISC,EPDM SEAT, 4""/DN100"
1170,D381XE,XD381X,"Grv BFV BVG-3 FR 21bar/300psi 2.5""/DN65 76mm GG w/switches"
1179,D371XV4,D71XV4,"DI WAFER BV,DI DISC,EPDM SEAT,NO DRIVE, 16""/DN400"
1180,D371XV4,D71XV4,"DI WAFER BV,DI DISC,EPDM SEAT,NO DRIVE, 18""/DN450"
1183,D81X4,D81XE,"DI GRVD BV,DI+NBR DISC,LEVER, 4""/114MM"
1190,XD381XG,XD381X,"DI GRVD FIRE RISER BV,DI+EPDM DISC,300PSI,6""/165MM,WITH NORMAL CLOSE"
1200,D81X4-BL,D81XE,"DI GRVD BV,DI+NBR DISC,LEVER, 21/2""/73MM"
1201,D71X4,D71XS4,"DI WAFER BV,304 DISC,EPDM SEAT,AL HANDLE, 6""/DN150,608"
1234,D381X,XD381X,"DI GRVD BV,DI+EPDM DISC,GEAR UL/FM,140MM"
1235,D371XL,XD371XL,"DI LUG FIRE RISER WAFER BV,DI+EPDM DISC,DN80"
1236,D371XL,XD371XL,"DI LUG FIRE RISER WAFER BV,DI+EPDM DISC, 6""/DN150"
1237,D371XL,XD371XL,"DI LUG FIRE RISER WAFER BV,DI+EPDM DISC,DN200"
1238,D371XL,XD371XL,"DI LUG FIRE RISER WAFER BV,DI+EPDM DISC,DN250"
1239,D71X4,D71XK,"DI WAFER BV,DI DISC,EPDM SEAT,LEVER, 5""/DN125"
1243,D371XL,XD371XL,"DI LUG FIRE RISER WAFER BV,DI+EPDM DISC, DN125"
1244,D371XL,XD371XL,"DI LUG FIRE RISER WAFER BV,DI+EPDM DISC, DN300"
1246,D381X,XD381X,"DI GRVD BV,DI+EPDM DISC,GEAR UL/FM,76MM"
1247,D381X,XD381X,"DI GRVD BV,DI+EPDM DISC,GEAR UL/FM,165MM"
1248,D381X,XD381X,"DI GRVD FIRE RISER BV,DI+EPDM DISC, 324MM"
1249,D371XL,XD371XL,"DI LUG FIRE RISER WAFER BV,DI+EPDM DISC, DN50"
1251,D71X4,D71XS4,"DI WAFER BV,304 DISC,EPDM SEAT,AL HANDLE, 6""/DN150"
1255,XD381X4-C,XD381X,"DI GRVD FIRE RISER BV, 21/2""/76MM"
1264,D71XK,D71X,LD71XK B50
1265,D81X4-BL,D81XE,"DI GRVD BV,DI+NBR DISC,LEVER, 4""/114MM"
1269,XD381XG,XD381X,"DI GRVD FIRE RISER BV,DI+EPDM DISC, 3""/89MM NORMAL CLOSE"
1270,XD381XG,XD381X,"DI GRVD FIRE RISER BV,DI+EPDM DISC, 6""/165MM NORMAL CLOSE"
1271,XD381XG,XD381X,"DI GRVD FIRE RISER BV,DI+EPDM DISC, 8""/219MM NORMAL CLOSE"
1277,XD371X4,D71X4,"Wafer Butterfly Valve Model FBW Gearbox 21bar/300psi 2-1/2""/DN65 FF ANSI/PN"
1278,D381XE,XD381X,"Grv BFV BVG-3 FR 21bar/300psi 3""/DN80 GG w/switches"
1279,D71X4,XD371X4,"DI WAFER FIRE RISER BV,DI DISC,EPDM SEAT, 8""/DN200"
1280,D71X4,XD371X4,"DI WAFER FIRE RISER BV,DI DISC,EPDM SEAT, 3""/DN80"
1286,D81XE,D81X4,"DI GRVD BV,DI+EPDM DISC,LEVER, 6""/168MM"
1287,D81XS4,D81X,"GROOVED FIREBUTTERFLY VALVE, 21/2""/DN65"
1289,D71XLV4,D71X,T-367DI-G BUTTERFLY VALVE
1293,D381X4,XD381X4,"DI GRVD FIRE RISER BV,DI+EPDM DISC, MOTORIZED 4""/114MM"
1294,D381X4,XD381X4,"DI GRVD FIRE RISER BV,DI+EPDM DISC, MOTORIZED 3""/89MM"
1297,D371XV4,D71X4,6 DI BFV WAFER/GEAR ALU/BRZ DISC EPDM SEAT
1301,XD381XG,XD381X,"DI GRVD FIRE RISER BV,DI+EPDM DISC,300PSI,3""/89MM,WITH NORMAL CLOSE"
1308,D342X,D71X,暂用
1311,D71X4,D71XK,"DI WAFER BV,DI DISC,EPDM SEAT,LEVER, 4"""
1313,D371XLV4,D71XL4,"DI LUG WAFER BV,DI DISC,NBR SEAT,GEAR, 6"""
1315,XD371XL,D71X4,"Wafer BVL-2 Gearbox 4""/DN100 FF ANSI with switches"
1316,XD371XL,D71X4,"Wafer BVL-2 Gearbox 6""/DN150 FF ANSI with switches"
1317,XD371XL,D71X4,"Wafer BVL-2 Gearbox 10""/DN250 FF ANSI with switches"
1318,XD371XL,D71X4,"Wafer BVL-2 Gearbox 3""/DN80 FF ANSI with switches"
1330,D71XK,D71X4,"DI WAFER BV, SS 316 DISC ,EPDM SEAT,CS LEVER, 3""/DN80"
1331,D81X4,XD381X,"DI GRVD FIRE RISER BV,DI+EPDM DISC,21/2""/76MM"
1332,D81X4,XD381X,"DI GRVD FIRE RISER BV,DI+EPDM DISC, 3""/89MM"
1333,D81X4,XD381X,"DI GRVD FIRE RISER BV,DI+EPDM DISC, 6""/168MM"
1334,XD381XG,XD381X,"DI GRVD FIRE RISER BV,DI+EPDM DISC,300PSI,21/2""/76MM,WITH NORMAL CLOSE"
1336,XD381XG,XD381X,"DI GRVD FIRE RISER BV,DI+EPDM DISC, 300PSI,12""/324MM ,WITH NORMAL CLOSE"
1342,XD371XG,XD371X,"DI WAFER FIRE RISER BV,DI+EPDM DISC, 10""/DN250,WITH NORMAL CLOSE"
1343,XD371XG,XD371X,"DI WAFER FIRE RISER BV,DI+EPDM DISC, 12""/DN300,WITH NORMAL CLOSE"
1365,XD371X,D71X,"Wafer Butterfly Valve Fig 215 3"" 80mm 1m flying lead"
1366,D371XLV4,D71XLV4,"DI LUG WAFER BV,SS316 DISC,VITON SEAT,GEAR, 12"""
1368,D81XE,D81X4,"DI GRVD BV,DI+EPDM DISC,LEVER, 2""/60MM"
1372,D71XKL,D71X4,"DI WAFER BV WITH LONG NECK,DI DISC,EPDM SEAT, GEAR,3""/DN80"
1373,D71XKL,D71X4,"DI WAFER BV WITH LONG NECK,DI DISC,EPDM SEAT,GEAR, 4""/DN100"
1374,D71XKL,D71X4,"DI WAFER BV WITH LONG NECK,DI DISC,EPDM SEAT,GEAR,6""/DN150"
1375,D71XKL,D71X4,"DI WAFER BV WITH LONG NECK,DI DISC,EPDM SEAT, GEAR,8""/DN200"
1376,D71XK,D71X4,"DI WAFER BV,316 DISC,EPDM SEAT,GEAR, 4""/DN100"
1377,D71XK,D71X4,"DI WAFER BV,316 DISC,EPDM SEAT,GEAR, 21/2""/DN65"
1378,D71XK,D71X4,"DI WAFER BV,316 DISC,EPDM SEAT,GEAR, 3""/DN80"
1379,D71XK,D71X4,"DI WAFER BV,316 DISC,EPDM SEAT,GEAR, 5""/DN125"
1380,D71XK,D71X4,"DI WAFER BV,316 DISC,EPDM SEAT,GEAR, 6""/DN150"
1382,D371XLV4,D71XLV4,"DI LUG WAFER BV,304 DISC,EPDM SEAT,T/E,GEAR, 2’'/50"
1386,D371X4,D71X4,"DI WAFER BV,DI DISC,304 B&N,GEARBOX,DIAGONAL SQUARE HEAD STEM,14""/DN350"
1387,D371X4,D71X4,"DI WAFER BV,DI DISC,304 B&N,GEARBOX,DIAGONAL SQUARE HEAD STEM, 16""/DN400"
1388,D371XV4,D71X4,"DI WAFER BV,DI DISC,304 B&N,GEARBOX,DIAGONAL SQUARE HEAD STEM,20""/DN500"
1389,D371X4,D71X4,"DI WAFER BV,304 DISC,304 B&N,GEARBOX,DIAGONAL SQUARE HEAD STEM,16""/DN400"
1390,D371XV4,D71X4,"DI WAFER BV,304 DISC,304 B&N,GEARBOX,DIAGONAL SQUARE HEAD STEM,20""/DN500"
1404,D71X4,D71F4,"DI WAFER BV ,SS316 DISC,SS304 B&N,PTFE SEAT,VITON O-RING,CS LEVER, DIAGONAL SQUARE HEAD STEM,4""/DN100"
1405,XD371X4,D71X4,"Wafer Butterfly Valve Model FBW Gearbox 21bar/300psi 4""/DN100 FF ANSI/PN"
1406,XD371X4,D71X4,"Wafer Butterfly Valve Model FBW Gearbox 21bar/300psi 5""/DN125 FF ANSI/PN"
1407,D71X4,D71XKS,"Waf.Bfy Vlv.Mod.FBWL Lever 21 /2""/DN65 FF ANSI/PN 21Bar/300p"
1409,D71XKL,D71X4,"DI WAFER BV WITH LONG NECK,DI DISC,EPDM SEAT,GEAR, 4""/DN100"
1410,D71XKL,D71X4,"DI WAFER BV WITH LONG NECK,DI DISC,EPDM SEAT,GEAR,5""/DN125"
1417,D71X4,D71X,T-337AB-G BUTTERFLY VALVE
1418,D81X4,XD381X,"DI GRVD FIRE RISER BV,DI+EPDM DISC,6""/165MM"
1419,XD381XG,XD381X,"DI GRVD FIRE RISER BV,DI+EPDM DISC, 300PSI,2""/60MM ,WITH NORMAL CLOSE"
1420,XD381XG,XD381X,"DI GRVD FIRE RISER BV,DI+EPDM DISC,300PSI,3""/89MM,WITH NORMAL CLOSE"
1424,XD371X,D71X,"Wafer Butterfly Valve Fig 215 2"" 50mm 1m flying lead"
1429,D342X4,D41X4,"DI Flange Butterfly Valve,EPDM Seat,DI Disc,Bare,200 PSI,28""/DN700"
1430,D342X4,D41X4,"DI Flange Butterfly Valve,EPDM Seat,DI Disc,Bare,200 PSI,24""/DN600"
1431,D342X4,D41X4,"DI Flange Butterfly Valve,EPDM Seat,DI Disc,Bare,200 PSI,16""/DN400"
1432,D342X4,D41X4,"DI Flange Butterfly Valve,EPDM Seat,DI Disc,Bare,200 PSI,6""/DN150"
1433,D71X4,D71X,"AISI 316L Wafer Butterfly Valve 2""/DN50"
1435,基配,D71X4,"CS WAFER BV,DI+Ni DISC,EPDM SEAT,GEARBOX, 6""/DN150"
1436,D81X4,D81X,"Grv BFV BVG-4 21bar/300psi 3""/DN80 GG w/switches"
1440,D381XE,XD381X,"Grv BFV BVG-3 FR 21bar/300psi 5""/DN125 140mm GG w/switches"
1449,D81XE,D81X4,"Grooved Butterfly Valve BVG-6 Lever 21bar/300psi 2""/DN50 60mm GG"
1451,D371XLV4,D71XL,"DI LUG BV, 316 SS DISK, 416 SS STEM, EPDM SEAT, 2''/DN50"
1452,D371XLV4,D71XL,"DI LUG BV, 316 SS DISK, 416 SS STEM, EPDM SEAT, 4''/DN100"
1453,D371XLV4,D71XL,"DI LUG BV, 316 SS DISK, 416 SS STEM, EPDM SEAT, 10''/DN250"
1454,D71XV4,D71X,"DI WAFER BV, 316 SS DISK, 416 SS STEM, EPDM SEAT, 2''/DN50"
1455,D71XV4,D71X,"DI WAFER BV, 316 SS DISK, 416 SS STEM, EPDM SEAT, 4''/DN100"
1456,D71XV4,D71X,"DI WAFER BV, 316 SS DISK, 416 SS STEM, EPDM SEAT, 10''/DN250"
1464,D381XE,D81X4,"DI GRVD BV,DI+EPDM DISC,GEAR, 6""/165MM"
1465,D371XL,D71XL,"LD48634N 3"" LUG BUTTERFLY VALVE"
1466,D371XL,D71XL,"LD48634N 2.5"" LUG BUTTERFLY VALVE"
1467,D371XL,D71XL,"LD48634N 8"" LUG BUTTERFLY VALVE"
1468,D381X,XD381X,"DI GRVD FIRE RISER BV,DI+EPDM DISC,363PSI, 4""/114MM"
1469,基配,XD381X,"DI GRVD FIRE RISER BV,C/W TWO TAPS, 363PSI, 4""/114MM"
1471,XD381XG,XD381X,"DI GRVD FIRE RISER BV,DI+EPDM DISC,363PSI, 4""/114MM"
1474,XD381X,D81X,"DI GRVD BV, RXD381X, ST-300S,12""/323.9mm"
1475,D71X4,D71X,Butterfly Valve DN15 EN558-1-20 CONN
1479,XD371X,XD371X4,"DI WAFER FIRE RISER BV,DI DISC,EPDM SEAT,EPDM O-Ring,6""/DN150"
1489,D71XLV4,D71XL4,"DI LUG WAFER BV,DI DISC,EPDM SEAT,GEAR, 14""/DN350"
1490,D71XLV4,D71XL4,"DI LUG WAFER BV,DI DISC,EPDM SEAT,GEAR, 16""/DN400"
1492,D71XLK,D71XL4,"DI LUG WAFER BV,DI DISC,EPDM SEAT,GEAR, 4""/DN100"
1495,D71XV4,D71X4,"DI WAFER BV,SS316 DISC,BUNA SEAT,LEVER, 3"""
1496,D71XV4,D71X4,"DI WAFER BV,SS316 DISC,EPDM SEAT,LEVER, 3"""
1497,D71XV4,D71XK,"DI WAFER BV,DI DISC,BUNA SEAT,LEVER, 4"""
1498,D71XV4,D71X4,"DI WAFER BV,SS316 DISC,BUNA SEAT,LEVER, 4"""
1499,D71XV4,D71X4,"DI WAFER BV,SS316 DISC,EPDM SEAT,LEVER, 4"""
1500,D71XV4,D71X4,"DI WAFER BV,SS316 DISC,BUNA SEAT,LEVER, 8"""
1501,D71XV4,D71X4,"DI WAFER BV,SS316 DISC,EPDM SEAT,LEVER, 8"""
1502,D71XL4,D71XLV4,"DI LUG WAFER BV,EPDM SEAT,SS316 DISC,GEAR, 8""/DN200"
1507,D371X4,D71X4,"WAFER TYPE BUTTERFLY VALVE, ONE-PIECE SHAFT WITH PIN. BODY: DUCTILE IRON, DISC: D.I, SEAT: EPDM, STEM: SS410. DITTO, BUT GEAR BOX OPERATED"
1510,基配,XD381X,"DI GRVD FIRE RISER BV,C/W TWO 1/2"" TAPS,3""/89MM"
1511,D71XK,D71X4,"DI WAFER BV, SS 316 DISC ,EPDM SEAT,CS LEVER, 8""/DN200"
1512,D71XK,D71X4,"DI WAFER BV, SS 316 DISC ,EPDM SEAT,CS LEVER, 4""/DN100"
1514,D71XK,D71X4,"DI WAFER BV, SS 316 DISC ,NBR SEAT,LEVER, 3""/DN80"
1517,D71XV4,D71X,"3""DI BFV WFR/LVR ALUBRZ DISC EPDM SEAT"
1518,D71XV4,D71X,"4""DI BFV WFR/LVR ALUBRZ DISC EPDM SEAT"
1519,D71XV4,D71X,"5""DI BFV WFR/LVR ALUBRZ DISC EPDM SEAT"
1523,D71XLK,D71XLV4,"DI LUG WAFER BV,SS 316 DISC,EPDM SEAT,GEAR, 2""/DN50"
1532,XD371XL,D71XL,"Lug BFV BVL1 17bar/250psi 12""/DN300 FF PN w/ switches"
1534,D71XLV4,D71XL4,"DI LUG WAFER BV,DI DISC,EPDM SEAT,LEVER, 21/2"""
1535,D71XLV4,D71XL4,"DI LUG WAFER BV,316 DISC,EPDM SEAT,LEVER, 3"""
1536,D71XLV4,D71XL4,"DI LUG WAFER BV,316 DISC,EPDM SEAT,LEVER, 5"""
1537,D71XLV4,D71XL4,"DI LUG WAFER BV,316 DISC,EPDM SEAT,LEVER, 6"""
1539,D71XLV4,D71XL4,"DI LUG WAFER BV,316 DISC,BUNA SEAT,LEVER, 8"""
1540,D371XLV4,D71XLV4,"DI LUG WAFER BV,SS316 DISC,EPDM SEAT,GEAR, 8"""
1541,D71XLV4,D71XL4,"DI LUG WAFER BV,316 DISC,EPDM SEAT,LEVER, 8"""
1543,D371XLV4,D71XLV4,"DI LUG WAFER BV,SS316 DISC,EPDM SEAT,GEAR, 12"""
1544,D371XV4,D71X4,"DI WAFER BV,SS316 DISC,EPDM SEAT,GEAR, 12"""
1545,D371XLV4,D71XLV4,"DI LUG WAFER BV,SS316 DISC,EPDM SEAT,GEAR, 16"""
1546,D371XLV4,D71XLV4,"DI LUG WAFER BV,SS316 DISC,EPDM SEAT,GEAR, 24"""
1547,D71XKL,D71X4,"DI WAFER BV WITH LONG NECK,DI DISC,EPDM SEAT,GEAR,10""/DN250"
1548,D71XKL,D71X4,"DI WAFER BV WITH LONG NECK,DI DISC,EPDM SEAT, GEAR,12""/DN300"
1551,D71XK,D71X4,"DI WAFER BV,DI DISC,EPDM SEAT,GEAR, 6""/DN150"
1559,D371XLV4,D71XLV4,"DI LUG WAFER BV,SS316 DISC,VITON SEAT,GEAR, 16"""
1560,D341X4,D41X4,"DI FLGD BV,SS316 DISC,SS316 GEARBOX ACCESSORY, EPDM SEAT,PN25,GEAR, 12""/DN300,808F"
1561,D341X4,D41X4,"DI FLGD BV,SS316 DISC,SS316 GEARBOX ACCESSORY, EPDM SEAT,PN25,GEAR, 14""/DN350,808F"
1562,D71XK,D71X4,"DI WAFER BV,304 DISC,EPDM SEAT,GEAR, 8""/DN200"
1563,D71XK,D71X4,"DI WAFER BV,304 DISC,EPDM SEAT,GEAR, 10""/DN250"
1564,D71XK,D71X4,"DI WAFER BV,304 DISC,EPDM SEAT,GEAR, 12""/DN300"
1565,D71XK,D71X4,"DI WAFER BV,304 DISC,EPDM SEAT,GEAR, 6""/DN150"
1583,基配,XD381X,"DI GRVD FIRE RISER BV,C/W TWO 1/2"" TAPS,4""/114MM"
1603,D71XK,D71X4,"DI WAFER BV, SS 316 DISC ,EPDM SEAT,LEVER,10""/DN250"
1607,D371X4,D71X4,"DI WAFER BV,DI DISC,GEARBOX,DIAGONAL SQUARE HEAD STEM,12""/DN300"
1608,D371X4,D71X4,"DI WAFER BV,DI DISC,GEARBOX,DIAGONAL SQUARE HEAD STEM,14""/DN350"
1624,D71XK,D71X,暂用
1632,D81X4,XD381X,"DI GRVD FIRE RISER BV,DI+EPDM DISC, 8""/219MM"
1635,D71XV4,D71X4,8 DI BFV WAFER/LEVER/ALUMINIUM BRONZE DISC/BUNA-N SEAT
1638,D71XL4,D71XLV4,"DI LUG WAFER BV,EPDM SEAT,SS316 DISC,GEAR, 6""/DN150"
1639,D71XLK,D71XL4,"DI LUG WAFER BV,DI DISC,EPDM SEAT,LEVER, 6""/DN150"
1640,D381X,XD381X,"DI GRVD BV,DI+EPDM DISC,GEAR UL/FM, 4""/114MM"
1641,D381X,XD381X,"DI GRVD BV,DI+EPDM DISC,GEAR UL/FM, 6""/168MM"
1642,基配,XD381X,"DI GRVD FIRE RISER BV,C/W TWO 3/4"" TAPS,6""/168MM"
1645,D71XK,D71X4,"DI WAFER BV, SS 316 DISC,EPDM SEAT,LEVER, 1-1/2""/DN40"""
1646,D71XK,D71X4,"DI WAFER BV, SS 316 DISC ,EPDM SEAT,LEVER, 2-1/2""/DN65"
1647,D71XK,D71X4,"DI WAFER BV, SS 316 DISC ,EPDM SEAT,LEVER, 10""/DN250"
1648,D71XK,D71X4,"DI WAFER BV, SS 316 DISC ,EPDM SEAT,LEVER, 12""/DN300"
1652,XD381XG,XD381X,"DI GRVD FIRE RISER BV,DI+EPDM DISC,300PSI,8""/219MM,WITH NORMAL CLOSE"
1654,D381X,XD381X,"DI GRVD FIRE RISER BV,DI+EPDM DISC, 8""/219MM"
1655,D371XLV4,D71XLV4,"DI LUG WAFER BV,DI DISC,EPDM SEAT, 8""/DN200"
1658,D81X4,XD381X,"DI GRVD FIRE RISER BV,DI+EPDM DISC, 8""/219MM"
1659,D71X4,D71XS4,"DI WAFER BV,304 DISC,EPDM SEAT,AL HANDLE, 3""/DN80,608"
1660,D71XS4,D71X4,"DI WAFR BV,304 DISC,EPDM SEAT,GEAR, 1 1/2""/DN40"
1661,D71XS4,D71X4,"DI WAFER BV,304 DISC,EPDM SEAT,GEAR,2 ""/DN50"
1662,D71XS4,D71X4,"DI WAFER BV,304 DISC,EPDM SEAT,GEAR, 2 1/2  ""/DN65"
1663,D71XS4,D71X4,"DI WAFR BV,304 DISC,EPDM SEAT,GEAR, 3""/DN80"
1664,D71XS4,D71X4,"DI WAER BV,304 DISC,EPDM SEAT,GEAR,4 ""/DN100"
1665,D71XS4,D71X4,"DI WAFER BV,304 DISC,EPDM SEAT,GEAR,5 ""/DN125"
1669,D71X4,D71XS4,"DI WAFER BV,304 DISC,EPDM SEAT,AL HANDLE, 21/2""/DN65,608"
1671,D71XLV4,D71XL4,"DI LUG WAFER BV,DI DISC,EPDM SEAT,GEAR, 14""/DN350"
1673,D81XS4,D81X,"GROOVED FIREBUTTERFLY VALVE, 3""/DN89"
1674,D81XS4,D81X,"GROOVED FIREBUTTERFLY VALVE, 4""/DN114"
1675,D81XS4,D81X,"GROOVED FIREBUTTERFLY VALVE, 6""/DN165"
1677,D371X,D71X,"WD48634N 4"" WAFER BUTTERFLY VALVE"
1678,D371X,D71X,"WD48634N 6"" WAFER BUTTERFLY VALVE"
1679,D71X4,D71F4,"DI WAFER BV ,SS316 DISC,SS304 B&N,PTFE SEAT,VITON O-RING,CS LEVER, DIAGONAL SQUARE HEAD STEM,3""/DN80"
1680,D71X4,D71F4,"DI WAFER BV ,SS316 DISC,SS304 B&N,PTFE SEAT,VITON O-RING,CS LEVER, DIAGONAL SQUARE HEAD STEM,6""/DN150"
1683,D381X,XD381X,"DI GRVD FIRE RISER BV,DI+EPDM DISC, 5""/140MM"
1684,D71XL4,D71XLV4,"DI LUG WAFER BV,S316 DISC,EPDM SEAT,T/E,GEAR, 12""/DN300"
1686,D71X4,D71X,"Universal Wafer Butterfly Valve, DN 50, 2"""
1687,D71X4,D71X,"Universal Wafer Butterfly Valve, DN 65, 2 1/2"""
1688,D71X4,D71X,"Universal Wafer Butterfly Valve, DN 200, 8"""
1690,XD381X,D81X,"DI GRVD BV, RXD381X, ST-300S,8""/219.1mm"
1692,D81XE,D81X4,"DI GRVD BV,DI+EPDM DISC,LEVER,8""/219MM"
1695,D81X4,D81X,"Grv BFV BVG-4 21bar/300psi 6""/DN150 168mm GG w/switches"
1703,XD371X,D71X,BUTTERFLY VALVE BVW DN80 XD371X-300
1704,XD371X,XD371X4,"DI WAFER FIRE RISER BV,DI DISC,EPDM SEAT,EPDM O-Ring, 3""/DN80"
1707,D71X4,D71XK,"""DI WAFER BV,DI DISC,EPDM SEAT,LEVER, 3""""/DN80"""
1709,XD371XL,D71X4,"Wafer BVL-2 Gearbox 12""/DN300 FF ANSI with switches"
1710,XD371XL,XD371X,"DI WAFER FIRE RISER BV,DI+EPDM DISC, SS304B&N, GEAR 10""/DN250"
1711,D371XL,D71XL4,"DI LUG WAFER BV,DI DISC,EPDM SEAT,GEAR, PN25,16""/DN400"
1713,D371XL,D71XL4,"DI LUG WAFER BV,DI DISC,EPDM SEAT,GEAR, PN25,4""/DN100"
1714,D371XL,D71XL4,"DI LUG WAFER BV,DI DISC,EPDM SEAT,GEAR, PN25,8""/DN200"
1715,D371XL,D71XL4,"DI LUG WAFER BV,DI DISC,EPDM SEAT,GEAR,PN10, 32""/DN800"
1716,D373HL,D71HL,"CARBON STEEL LUG BV,CS DISC,CS SEAT,PN63,GEAR,PN63,8""/DN200"
1717,D373HL,D71HL,"CARBON STEEL LUG WAFER BV,CS DISC,CS SEAT,GEAR,PN40,4""/DN100"
1718,D373HL,D71HL,"CARBON STEEL LUG WAFER BV,CS DISC,CS SEAT,GEAR,PN63,4""/DN100"
1719,D373HL,D71HL,"CARBON STEEL LUG WAFER BV,CS DISC,CS SEAT,GEAR,PN63,6""/DN150"
1720,D373HL,D71HL,"CARBON STEEL LUG WAFER BV,CS DISC,CS SEAT,GEAR,PN63,12""/DN300"
1721,D373HL,D71HL,"CARBON STEEL LUG WAFER BV,CS DISC,CS SEAT,GEAR,PN63,16""/DN400"
1722,D71X4,D72X4,"CARBON STEEL DOUBLE ECCENTRIC LUG BUTTERFLY VALVE WITHOUT DRIVER, PN10,8""/DN200"
1723,D71X4,D72X4,"CARBON STEEL DOUBLE ECCENTRIC LUG BUTTERFLY VALVE WITHOUT DRIVER, PN10,12""/DN300"
1724,D71X4,D72X4,"CARBON STEEL DOUBLE ECCENTRIC LUG BUTTERFLY VALVE WITHOUT DRIVER, PN10,24""/DN600"
1725,XD381XE,XD381X,"DI GRVD FIRE RISER BV,DI+EPDM DISC, 4""/114MM"
1727,D71XLK,D71XL4,"DI LUG WAFER BV,DI DISC,EPDM SEAT,LEVER, 2""/DN50"
1728,D71XLK,D71XL4,"DI LUG WAFER BV,DI DISC,EPDM SEAT,LEVER, 6""/DN150"
1732,D81X4-BL,D81X4,"DI GRVD BV,DI+EPDM DISC,LEVER, 6""/168MM"
1733,D81X4,D81X,"Grv BFV BVG-4 21bar/300psi 8""/DN200 GG w/switches"
1735,D71XLV4,D71FLV4,"DI LUG WAFER BV, SS304 DISC, SS431 STEM, PTFE SEAT, GEAR, 6""/DN150"
1736,XD381X,D81X,"DI GRVD BV WITH FRAME, RD381X80, ST-300D,2""/60.3mm"
1741,XD371X,XD371X4,"DI WAFER FIRE RISER BV,DI DISC,EPDM SEAT,EPDM O-Ring,6""/DN150"
1742,XD371X,XD371X4,"DI WAFER FIRE RISER BV,DI DISC,EPDM SEAT,EPDM O-Ring, 10""/DN250"
1743,D71X4,D71XK,"DI WAFER BV,SS304 DISC,EPDM SEAT,LEVER, 11/2""/DN40"
1744,D71XLV4,D71XL4,"DI LUG WAFER BV,DI DISC,EPDM SEAT,GEAR, 8""/DN200"
1745,D71X4,D71XK,"DI WAFER BV WITH DOUBLE LIMIT SWITCH,DI DISC,EPDM SEAT,LEVER, 5""/DN125"
1747,XD371X,D71X,BUTTERFLY VALVE BVW DN250 XD371X-300
1748,D71X4,D71X,T-335DI-G BUTTERFLY VALVE
1749,D71XK,D71X4,"DI WAFER BV,DI DISC,EPDM SEAT,GEAR, 6""/DN150"
1751,D71XLK,D71XL4,"DI LUGGED WAFER BV,SS 316 DISC,HIGH TEMPERATURE EPDM SEAT,LEVER,2""/DN50"
1752,D71XLK,D71XL4,"DI LUGGED WAFER BV,SS 316 DISC,HIGH TEMPERATURE EPDM SEAT,LEVER,2 1/2""/DN65"
1753,D71XLK,D71XL4,"DI LUGGED WAFER BV,SS 316 DISC,HIGH TEMPERATURE EPDM SEAT,LEVER,3""/DN80"
1754,D71XLK,D71XL4,"DI LUGGED WAFER BV,SS 316 DISC,HIGH TEMPERATURE EPDM SEAT,LEVER,4""/DN100"
1755,D71XLK,D71XL4,"DI LUGGED WAFER BV,SS 316 DISC,HIGH TEMPERATURE EPDM SEAT,LEVER,5""/DN125"
1756,D71XLK,D71XL4,"DI LUGGED WAFER BV,SS 316 DISC,HIGH TEMPERATURE EPDM SEAT,LEVER,6""/DN150"
1757,XD381X4,XD381X,"DI GRVD FIRE RISER BV,DI+EPDM DISC, 4""/100MM"
1758,D71XLK,D71XLV4,"DI LUG WAFER BV,SS 316 DISC,EPDM SEAT,GEAR, 4""/DN100"
1761,D371XLK,D71XLV4,"DI LUGGED WAFER BV,SS 316 DISC,HIGH TEMPERATURE EPDM SEAT,GEAR,5""/DN125"
1762,D371XLK,D71XLV4,"DI LUGGED WAFER BV,SS 316 DISC,HIGH TEMPERATURE EPDM SEAT,GEAR,6""/DN150"
1763,D371XLK,D71XLV4,"DI LUGGED WAFER BV,SS 316 DISC,HIGH TEMPERATURE EPDM SEAT,GEAR,8 ""/DN200"
1765,D71X4,D71XK,"DI WAFER BV WITH DOUBLE LIMIT SWITCH,DI DISC,EPDM SEAT,LEVER, 2""/DN50"
1767,XD381X4,XD381X,"DI GRVD FIRE RISER BV,DI+EPDM DISC,6""/165MM"
1772,D342X4,D342X,"DI DOUBLE ECCENTRIC FLANGED BUTTERFLY VALVE, PN10, 32""/DN800,608DE"
1776,D371XK,D71X4,"DI WAFER BV ,DI DISC,EPDM SEAT, 4""/DN100"
1777,D371XK,D71X4,"DI WAFER BV ,DI DISC,EPDM SEAT, 5""/DN125"
1778,D371XK,D71X4,"DI WAFER BV ,DI DISC,EPDM SEAT, 6""/DN150"
1779,D371XK,D71XV4,"DI WAFER BV,DI DISC,EPDM SEAT,NO DRIVE, 10""/DN250"
1780,D371XK,D71XV4,"DI WAFER BV,DI DISC,EPDM SEAT,NO DRIVE, 12""/DN300"
1781,D371XV4,D71XV4,"DI WAFER BV,DI DISC,EPDM SEAT,NO DRIVE, 14""/DN350"
1785,XD371XL,D71XL,"Lug BFV BVL1 21bar/300psi 8""/DN200 FF PN w/ switches"
1786,D371XL,D71X,"Wafer Butterfly Valve with Long Neck,4""/DN100,PN16"
1787,D371XL,D71X,"Wafer Butterfly Valve with Long Neck,6""/DN150,PN16"
1788,D371XL,D71X,"Wafer Butterfly Valve with Long Neck,8""/DN200,PN16"
1791,D71XS4,D71X4,"DI WAFER BV,304 DISC,EPDM SEAT,GEAR,6 ""/DN150"
1792,XD311X,XD371X,VALVE BUTTERFLY DI 50MM SCREW TYPE W/TAMPER SWITCH UL APPROVAL
1793,XD311X,XD371X,VALVE BUTTERFLY DI 40MM SCREW TYPE W/TAMPER SWITCH UL APPROVAL
1798,D71XK,D71X4,"DI WAFER BV, SS 316 DISC ,NBR SEAT,LEVER, 4""/DN100"
1800,D71X4,D71X,"Universal Wafer Butterfly Valve,  DN 40, 11/2 """
1801,D371XLV4,D71XLV4,"DI LUG WAFER BV,304 DISC,EPDM SEAT,T/E,GEAR, 6""/DN150"
1802,D371XLV4,D71XLV4,"DI LUG WAFER BV,304 DISC,EPDM SEAT,T/E,GEAR, 8""/DN200"
1803,XD371X,D71X4,"Wafer Butterfly Valve Model FBW Gearbox,304 B&N, 21bar/300psi 4""/DN100 FF ANSI/PN"
1804,XD371X,D71X4,"Wafer Butterfly Valve Model FBW Gearbox,304 B&N, 21bar/300psi 6""/DN150 FF ANSI/PN"
1809,D71X4,D71XK,"DI WAFER BV,DI DISC,EPDM SEAT,LEVER, 4""/DN100"
1811,D71X4,XD371X4,"DI WAFER FIRE RISER BV,DI DISC,EPDM SEAT, 4""/DN100"
1812,D71X4,D71XK,"DI WAFER BV,DI DISC,304 B&N,LEVER, 5""/DN125"
1814,D71X4,XD371X4,"DI WAFER FIRE RISER BV,DI DISC,EPDM SEAT, 5""/DN125"
1817,D71X4,D71XK,"DI WAFER BV,DI DISC,EPDM SEAT & O-RING,LEVER, 2""/DN50"
1819,基配,XD381X,"DI GRVD FIRE RISER BV,C/W TWO 1/2"" TAPS,2""/60MM"
1820,基配,XD381X,"DI GRVD FIRE RISER BV,C/W TWO 3/4"" TAPS,8""/219MM"
1821,基配,XD381X,"DI GRVD FIRE RISER BV,C/W TWO 3/4"" TAPS,21/2""/60MM"
1822,基配,XD381X,"DI GRVD FIRE RISER BV,C/W TWO 3/4"" TAPS,12""/324MM"
1824,D81X4-BL,D81XE,"DI GRVD BV,DI+NBR DISC,LEVER, 8""/219MM"
1825,XD371X,D71X,BUTTERFLY VALVE BVW DN50 XD371X-300
1826,D71X4,D71XK,"DI WAFER BV,DI DISC,EPDM SEAT & O-RING,LEVER, 12""/DN300"
1829,D81XS4,D81X,"GROOVED FIREBUTTERFLY LVER VALVE LIGHT DUTY 3""/89MM"
1830,D81XS4,D81X,"GROOVED FIREBUTTERFLY LVER VALVE LIGHT DUTY 4""/114MM"
1831,D81XS4,D81X,"GROOVED FIREBUTTERFLY LVER VALVE LIGHT DUTY 6""/165MM"
1832,D81XS4,D81X,"GROOVED FIREBUTTERFLY LVER VALVE LIGHT DUTY 8""/219MM"
1833,D81XS4,D81XE,"GROOVED FIREBUTTERFLY GEAR VALVE LIGHT DUTY 3""/89MM"
1834,D81XS4,D81XE,"GROOVED FIREBUTTERFLY GEAR VALVE LIGHT DUTY 4""/114MM"
1835,D81XS4,D81XE,"GROOVED FIREBUTTERFLY GEAR VALVE LIGHT DUTY 6""/165MM"
1836,D81XS4,D81XE,"GROOVED FIREBUTTERFLY GEAR VALVE LIGHT DUTY 8""/219MM"
1837,D81XS4,XD381XS4,"GROOVED FIREBUTTERFLY GEAR VALVE TAMPER SWITCH LIGHT DUTY 3""/89MM"
1838,D81XS4,XD381XS4,"GROOVED FIREBUTTERFLY GEAR VALVE TAMPER SWITCH LIGHT DUTY 4""/114MM"
1839,D81XS4,XD381XS4,"GROOVED FIREBUTTERFLY GEAR VALVE TAMPER SWITCH LIGHT DUTY 6""/165MM"
1840,D81XS4,XD381XS4,"GROOVED FIREBUTTERFLY GEAR VALVE TAMPER SWITCH LIGHT DUTY 8""/219MM"
1841,D71XK,D71X4,"DI WAFER BV,DI DISC,EPDM SEAT,GEAR, 3""/DN80"
1845,D371XLV26-AS,D71XLV26-AS,"DI LUG WAFER BV WITHOUT GEAR BOX, EPDM SEAT, PN25, 16""/DN400, 808L"
1850,D341X4,D71X,"Intelligent remote control statation（1PLC control cabinet，2liquid level sensors ,3controller contactor, terminal, cable)"
1851,D342X4C2-1,D72XC,"DI DOUBLE ECCENTRIC BFV SERIES 14 PN25 8"""
1852,XD371XG,XD371X,"DI WAFER FIRE RISER BV,DI+EPDM DISC, 2""/DN50,WITH NORMAL CLOSE"
1853,XD371XG,XD371X,"DI WAFER FIRE RISER BV,DI+EPDM DISC, 2 1/2""/DN65"" ,WITH NORMAL CLOSE"
1854,D71XKL,D71XK,"DI WAFER BV WITH LONG NECK,SS304 DISC,EPDM SEAT,CS LEVER, 10""/DN250"
1855,D371XLV4,D71XLV4,"DI LUG WAFER BV,SS316 DISC,EPDM SEAT,GEAR, 18"""
1856,基配,D71X,暂用
1857,D371XLV4,D71XLV4,"DI LUG WAFER BV,SS316 DISC,EPDM SEAT,GEAR, 14"""
1858,D71XLV4,D71XL4,"DI LUG WAFER BV,316 DISC,EPDM SEAT,LEVER, 10"""
1859,D371XLV4,D71XLV4,"DI LUG WAFER BV,SS316 DISC,EPDM SEAT,GEAR, 20"""
1860,D371XLV4,D71XLV4,"DI LUG WAFER BV,SS316 DISC,EPDM SEAT,GEAR, 10"""
1864,D71X4,XD371X4,"DI WAFER FIRE RISER BV,DI DISC,EPDM SEAT, 2""/DN50"
1865,D71X4,XD371X4,"DI WAFER FIRE RISER BV,DI DISC,EPDM SEAT, 12""/DN300"
1867,D371XLV26-AS,D71XLV26-AS,"DI LUG WAFER BV,304 DISC,EPDM SEAT,WITHOUT GEAR BOX,PN16, 16""/DN400,608L"
1868,D371XLV26-AS,D71XLV26-AS,"DI LUG WAFER BV,304 DISC,EPDM SEAT,WITHOUT GEAR BOX,PN16, 20""/DN500,608L"
1869,D71XLK,D71XLV4,"DI LUG WAFER BV,SS304 DISC,EPDM SEAT,LEVER,  2""/DN50"
1870,D71XK,D71X4,"DI WAFER BV,304 DISC,EPDM SEAT,GEAR, 4""/DN100"
1871,D71XLK,D71XLV4,"DI LUG BV, SS304 DISC, GEAR, 2""/DN50"
1885,D371XV4,D71X4,6 DI BFV WAFER/GEAR ALU/BRZ DISC EPDM SEAT
1888,D71XLV-150,D71XL4,"STAINLESS?STEEL?304?LUGGED?BUTTERFLY?VALVE,EPDM?SEAT,304?DISC,DI?LEVER,4”"
1889,D342XC,D72XC,"DI DOUBLE ECCENTRIC BFV SERIES 14 PN10 20"""
1894,D71X4,XD371X4,"DI WAFER FIRE RISER BV,DI DISC,EPDM SEAT, 6""/DN150"
1896,D71X4,XD371X4,"DI WAFER FIRE RISER BV,DI DISC,EPDM SEAT, 5""/DN125"
1897,D71XLK,D71XLV4,"DI LUG WAFER BV,304 DISC,EPDM SEAT,LEVER,  1 1/2""/DN40"
1898,D71XLK,D71XLV4,"DI LUG WAFER BV,304 DISC,EPDM SEAT,GEAR,  1 1/2""/DN40"
1900,D81XE,D81X4,"DI GRVD BV,DI+EPDM DISC,LEVER, 21/2""/73MM"
1901,D81XE,D81X4,"DI GRVD BV,DI+EPDM DISC,LEVER, 5""/141MM"
1902,D81XE,D81X4,"DI GRVD BV,DI+EPDM DISC,LEVER, 8""/219MM"
1903,D81XE,D81X4,"DI GRVD BV,DI+EPDM DISC,LEVER, 10""/273MM"
1904,D81XE,D81X4,"DI GRVD BV,DI+EPDM DISC,LEVER, 12""/324MM"
1908,D81X4-BL,D81X4,"DI GRVD BV,DI+EPDM DISC,LEVER, 2""/60MM"
1909,D81X4-BL,D81X4,"DI GRVD BV,DI+EPDM DISC,LEVER, 3""/89MM"
1910,D81X4-BL,D81X4,"DI GRVD BV,DI+EPDM DISC,LEVER, 4""/114MM"
1916,D41X4,D71X,暂用
1920,XD381X,D71X,暂用
1921,D71XLK,D71XL4,"DI LUG WAFER BV,DI DISC,EPDM SEAT,GEAR, 6""/DN150"
1922,D71XLK,D71XL4,"DI LUG WAFER BV,DI DISC,EPDM SEAT,GEAR, 12""/DN300"
1923,D71XLK,D71XL4,"DI LUG WAFER BV,DI DISC,EPDM SEAT,LEVER, 12""/DN300"
1924,D71XLK,D71XL4,"DI LUG WAFER BV,DI DISC,EPDM SEAT,GEAR, 11/2""/DN40"
1925,D71XLK,D71XL4,"DI LUG WAFER BV,DI DISC,EPDM SEAT,LEVER, 10""/DN250"
1931,D81X700,D81X702,"DI GRVD BV,316 DISC,LEVER, 2""/60MM"
1932,D371XLV4,D71XLV4,"DI LUG WAFER BV,DI DISC,EPDM SEAT, SWITCHED ELECTRIC ACTUATORS, 4""/DN100"
1933,D371XLV4,D71XLV4,"DI LUG WAFER BV,DI DISC,EPDM SEAT, MODULATING ELECTRIC ACTUATORS, 4""/DN100"
1935,D71X4,XD371X4,"DI WAFER FIRE RISER BV,DI DISC,EPDM SEAT, 12""/DN300"
1936,D71X4,XD371X4,"DI WAFER FIRE RISER BV,DI DISC,EPDM SEAT, 14""/DN350"
1937,D371XLV4,D71XLV4,"DI LUG WAFER BV,DI DISC,EPDM SEAT, 10""/DN250"
1938,D371XLV4,D71XLV4,"DI LUG WAFER BV,DI DISC,EPDM SEAT, 21/2""/DN65"
1939,D371XLV4,D71XLV4,"DI LUG WAFER BV,DI DISC,EPDM SEAT, 6""/DN150"
1941,D371XLV4,D71XLV4,"DI LUG WAFER BV,DI DISC,EPDM SEAT, 14""/DN350"
1942,D371XLV4,D71XLV4,"DI LUG WAFER BV,DI DISC,EPDM SEAT, 4""/DN100"
1943,D71XL4,D71XLV4,"DI LUG WAFER BV,EPDM SEAT,SS316 DISC,GEAR, 12""/DN300"
1945,D371XLV4,D71XLV4,"DI LUG WAFER BV,SS316 DISC,EPDM SEAT,GEAR, 3"""
1948,D341X7,D41X4,"DI FLGD BV,DI DISC,EPDM SEAT,PN25,GEAR, 20""/DN500"
1949,D71XLV4,D71XL4,"DI LUG WAFER BV,DI DISC,EPDM SEAT,LEVER, 21/2""/DN65"
1953,XD371X105,XD371X243,"DI WAFER FIRE RISER BV,DI DISC,EPDM SEAT,NBR O-Ring, 12""/DN300"
1958,XD371X,D71X,BUTTERFLY VALVE BVW DN100 XD371X-300
1959,D81X4,XD381XS4,"10"" Grooved Butterfly Valve, DI Body,EPDM Seat,Gear Operated without Tamper Switch"
1962,D371X,D71X4,"DI WAFER BV,304 DISC,NBR SEAT,GEAR, PN25, 3""/DN80"
1965,D342X4,D342X,"DI DOUBLE ECCENTRIC FLANGED BUTTERFLY VALVE, 28""/DN700"
1966,D371XLV4,D71XLV4,"DI LUG WAFER BV,SS316 DISC,EPDM SEAT,GEAR, 4"""
1967,D371XLV4,D71XLV4,"DI LUG WAFER BV,SS316 DISC,EPDM SEAT,GEAR, 6"""
1968,D342XC,D72XC,"DI DOUBLE ECCENTRIC BFV SERIES 14 PN10 8"""
1971,XD371XG,XD371X,"DI WAFER FIRE RISER BV,DI+EPDM DISC, 3""/DN80,WITH NORMAL CLOSE"
1972,XD371XG,XD371X,"DI WAFER FIRE RISER BV,DI+EPDM DISC, 4""/DN100,WITH NORMAL CLOSE"
1973,XD371XG,XD371X,"DI WAFER FIRE RISER BV,DI+EPDM DISC, 6""/DN150,WITH NORMAL CLOSE"
1974,XD371XG,XD371X,"DI WAFER FIRE RISER BV,DI+EPDM DISC, 8""/DN200,WITH NORMAL CLOSE"
1976,D81X4,XD381X,"DI GRVD FIRE RISER BV,DI+EPDM DISC, 10""/273MM"
1977,D341X3-16QB1,D41X3-16QB1,Flange Gearbox Butterfly Valve PN16 DN700
1978,D371X4,D71X4,"DI WAFER BV,304 DISC,304 B&N,GEARBOX,DIAGONAL SQUARE HEAD STEM,14""/DN350"
1979,D81X4,XD381X,"DI GRVD FIRE RISER BV,DI+EPDM DISC, 12""/324MM"
1980,D71XKL-1,D71XV4," DI WAFER BV WITH LONG NECK,DI DISC,EPDM SEAT,CS LEVER, 4""/DN100, WITH NO HANDLE"
1981,D71XKL-1,D71XV4," DI WAFER BV WITH LONG NECK,DI DISC,EPDM SEAT,CS LEVER, 3""/DN80, WITH NO HANDLE"
1982,D71XL4,D71XLV4,"DI LUG WAFER BV,SS316 DISC,BUNA SEAT,GEAR, 12"""
1983,D71XLV4,D71XL4,"DI LUG WAFER BV,316 DISC,EPDM SEAT,LEVER, 12"""
1984,D71XLV4,D71XL4,"DI LUG WAFER BV,316 DISC,EPDM SEAT,LEVER, 2"""
1985,D71XLV4,D71XL4,"DI LUG WAFER BV,316 DISC,EPDM SEAT,LEVER, 21/2"""
1986,D71X4,D71XK,"DI WAFER BV,DI DISC,EPDM SEAT,LEVER, 11/2""/DN40"
1989,XD381X73,XD381X,3 UL FM 300 GRVD BFLY VLV
1992,D81XE,D81X4,"DI GRVD BV,DI+EPDM DISC,LEVER, 5""/141MM"
1993,XD381XG,D71X4,SPF BFV-1-NC 4 EPDM W/GEAR-OP
1994,D342XC,D72XC,"DI DOUBLE ECCENTRIC BFV SERIES 14 PN16 6"""
1995,D342XC,D72XC,"DI DOUBLE ECCENTRIC BFV SERIES 14 PN10 12"""
1996,D342XC,D72XC,"DI DOUBLE ECCENTRIC BFV SERIES 14 PN10 16"""
1997,D342XC,D72XC,"DI DOUBLE ECCENTRIC BFV SERIES 14 PN10 24"""
1998,D342X4C,D72XC,"DI DOUBLE ECCENTRIC BFV SERIES 14 PN10 40"""
